Time,Mag,Log10_SSD,CF1_V,CF2_V,DC,Datetime
736973.91,2.37,3.6116226,3.5204667,3.686925,0.63022167,2017-10-05 21:50:24.000002816
736974.3,2.13,3.6121279,3.520972,3.6874303,0.6323247,2017-10-06 07:12:00.000004026
736975.15,1.57,3.6163306,3.5251746,3.691633,0.62580599,2017-10-07 03:36:00.000002013
736975.36,1.53,3.6158771,3.5247212,3.6911795,0.62014224,2017-10-07 08:38:23.999998790
736977.42,1.94,3.6152784,3.5241225,3.6905808,0.61527306,2017-10-09 10:04:48.000003620
736977.48,1.84,3.6181319,3.5269759,3.6934343,0.62111151,2017-10-09 11:31:11.999998392
736978.35,1.94,3.6222022,3.5310462,3.6975045,0.62049266,2017-10-10 08:23:59.999997986
736979.05,1.57,3.621283,3.5301271,3.6965854,0.61988754,2017-10-11 01:12:00.000004026
736979.09,1.63,3.6296615,3.5385055,3.7049639,0.62490437,2017-10-11 02:09:35.999997183
736979.51,1.94,3.6364471,3.5452912,3.7117495,0.62209557,2017-10-11 12:14:24.000000803
736980.08,1.53,3.6420145,3.5508586,3.7173169,0.62156883,2017-10-12 01:55:11.999996379
736980.82,1.63,3.6673637,3.5762078,3.7426661,0.61489893,2017-10-12 19:40:47.999995576
736981.08,1.6,3.6832556,3.5920997,3.758558,0.61664201,2017-10-13 01:55:11.999996379
736981.72,1.6,3.6839086,3.5927527,3.759211,0.61466719,2017-10-13 17:16:47.999997589
736981.73,2.05,3.6853192,3.5941633,3.7606216,0.61693499,2017-10-13 17:31:11.999998392
736981.92,1.57,3.6851019,3.593946,3.7604043,0.62064411,2017-10-13 22:04:48.000003620
736983.6,1.6,3.6917039,3.600548,3.7670063,0.6215723,2017-10-15 14:23:59.999997986
736983.65,1.57,3.6927147,3.6015587,3.768017,0.62555465,2017-10-15 15:36:00.000002013
736984.29,1.63,3.6901639,3.599008,3.7654663,0.62179272,2017-10-16 06:57:36.000003222
736984.3,1.63,3.6915659,3.60041,3.7668683,0.62314068,2017-10-16 07:12:00.000004026
736984.33,1.53,3.6972631,3.6061071,3.7725655,0.62505105,2017-10-16 07:55:11.999996379
736984.84,1.63,3.7158127,3.6246568,3.7911151,0.62277366,2017-10-16 20:09:35.999997183
736985.63,1.57,3.7578695,3.6667136,3.8331719,0.61670035,2017-10-17 15:07:12.000000406
736985.96,1.57,3.7645757,3.6734198,3.8398781,0.61774322,2017-10-17 23:02:23.999996777
736986.47,1.63,3.7767028,3.6855468,3.8520052,0.61675555,2017-10-18 11:16:47.999997589
736986.91,1.53,3.7760495,3.6848936,3.8513519,0.61892394,2017-10-18 21:50:24.000002816
736987.22,1.57,3.7809573,3.6898013,3.8562597,0.62100541,2017-10-19 05:16:47.999997589
736988.19,1.63,3.8095506,3.7183947,3.884853,0.61855087,2017-10-20 04:33:35.999995170
736988.47,2.0,3.8215373,3.7303814,3.8968397,0.6196875,2017-10-20 11:16:47.999997589
736988.94,1.53,3.8205501,3.7293942,3.8958525,0.62441639,2017-10-20 22:33:35.999995170
736991.26,1.57,3.8130067,3.7218508,3.8883091,0.63012259,2017-10-23 06:14:24.000000803
736992.25,1.6,3.8101235,3.7189676,3.8854259,0.6322731,2017-10-24 06:00:00.000000000
736994.95,2.0,3.8038081,3.7126522,3.8791105,0.63678251,2017-10-26 22:47:59.999995973
736995.88,1.84,3.8038281,3.7126722,3.8791305,0.6383016,2017-10-27 21:07:12.000000406
736995.88,1.84,3.8038281,3.7126722,3.8791305,0.64263923,2017-10-27 21:07:12.000000406
736995.88,1.63,3.8052437,3.7140877,3.8805461,0.6383016,2017-10-27 21:07:12.000000406
736995.88,1.63,3.8052437,3.7140877,3.8805461,0.64263923,2017-10-27 21:07:12.000000406
736996.86,1.84,3.8314353,3.7402794,3.9067377,0.63975944,2017-10-28 20:38:23.999998790
736997.1,1.84,3.8335036,3.7423477,3.908806,0.63973384,2017-10-29 02:23:59.999997986
736998.81,1.84,3.8308088,3.7396529,3.9061112,0.6433759,2017-10-30 19:26:24.000004829
736999.59,1.94,3.8412676,3.7501116,3.91657,0.64235723,2017-10-31 14:09:35.999997183
737000.03,1.53,3.8451957,3.7540397,3.9204981,0.644157,2017-11-01 00:43:12.000002410
737000.18,1.57,3.8467508,3.7555949,3.9220532,0.64619628,2017-11-01 04:19:12.000004423
737000.35,1.84,3.8482682,3.7571123,3.9235706,0.64433493,2017-11-01 08:23:59.999997986
737002.11,1.94,3.8465141,3.7553582,3.9218165,0.64641029,2017-11-03 02:38:23.999998790
737002.98,1.6,3.846347,3.7551911,3.9216494,0.64561285,2017-11-03 23:31:11.999998392
737003.18,1.94,3.8561869,3.765031,3.9314893,0.64358125,2017-11-04 04:19:12.000004423
737004.02,1.53,3.8564613,3.7653054,3.9317637,0.64354369,2017-11-05 00:28:48.000001607
737004.15,1.53,3.8580307,3.7668747,3.9333331,0.64687659,2017-11-05 03:36:00.000002013
737005.72,1.94,3.8559465,3.7647906,3.9312489,0.65062468,2017-11-06 17:16:47.999997589
737006.06,1.84,3.8591234,3.7679675,3.9344258,0.64807809,2017-11-07 01:26:24.000004829
737006.79,1.6,3.9885081,3.8973522,4.0638105,0.64278268,2017-11-07 18:57:36.000003222
737006.84,2.05,3.994412,3.903256,4.0697144,0.64362103,2017-11-07 20:09:35.999997183
737007.62,1.94,4.0240155,3.9328596,4.0993179,0.63972088,2017-11-08 14:52:47.999999593
737008.14,1.57,4.051702,3.960546,4.1270043,0.63618492,2017-11-09 03:21:36.000001209
737008.58,1.94,4.0590851,3.9679292,4.1343875,0.6329492,2017-11-09 13:55:11.999996379
737009.13,1.57,4.0566715,3.9655155,4.1319739,0.63056808,2017-11-10 03:07:12.000000406
737009.55,1.84,4.057254,3.966098,4.1325564,0.62696875,2017-11-10 13:12:00.000004026
737009.78,2.09,4.0600575,3.9689016,4.1353599,0.62936944,2017-11-10 18:43:12.000002410
737010.2,1.63,4.0578786,3.9667227,4.133181,0.62650135,2017-11-11 04:47:59.999995973
737014.06,1.84,4.036175,3.9450191,4.1114774,0.62769092,2017-11-15 01:26:24.000004829
737014.39,1.53,4.0331615,3.9420056,4.1084639,0.62728159,2017-11-15 09:21:36.000001209
737014.62,1.63,4.0412213,3.9500654,4.1165237,0.62573013,2017-11-15 14:52:47.999999593
737015.57,1.84,4.0377129,3.946557,4.1130153,0.62376083,2017-11-16 13:40:47.999995576
737016.54,2.69,4.041259,3.9501031,4.1165614,0.62579026,2017-11-17 12:57:36.000003222
737016.56,1.94,4.0431672,3.9520113,4.1184696,0.6265741,2017-11-17 13:26:24.000004829
737016.89,1.6,4.041519,3.9503631,4.1168214,0.62478418,2017-11-17 21:21:36.000001209
737017.33,1.84,4.0413009,3.9501449,4.1166032,0.62404344,2017-11-18 07:55:11.999996379
737019.29,1.53,4.0311689,3.9400129,4.1064713,0.62603319,2017-11-20 06:57:36.000003222
737019.3,1.63,4.0298215,3.9386656,4.1051239,0.62719046,2017-11-20 07:12:00.000004026
737020.75,1.84,4.0248796,3.9337237,4.100182,0.63015396,2017-11-21 18:00:00.000000000
737021.2,1.6,4.023405,3.9322491,4.0987074,0.62953159,2017-11-22 04:47:59.999995973
737021.85,1.57,4.0221989,3.931043,4.0975013,0.62925129,2017-11-22 20:23:59.999997986
737023.03,1.84,4.0300162,3.9388602,4.1053186,0.6239553,2017-11-24 00:43:12.000002410
737023.52,1.6,4.0471295,3.9559736,4.1224319,0.61996805,2017-11-24 12:28:48.000001607
737024.7,1.6,4.0544135,3.9632575,4.1297159,0.61685192,2017-11-25 16:47:59.999995973
737026.61,1.84,4.0524383,3.9612824,4.1277407,0.61278681,2017-11-27 14:38:23.999998790
737027.87,1.84,4.0475915,3.9564355,4.1228939,0.61309972,2017-11-28 20:52:47.999999593
737028.07,1.53,4.0576924,3.9665365,4.1329948,0.61645777,2017-11-29 01:40:47.999995576
737030.67,1.84,4.0464368,3.9552809,4.1217392,0.62077737,2017-12-01 16:04:48.000003620
737034.48,1.84,4.0243925,3.9332366,4.0996949,0.61989867,2017-12-05 11:31:11.999998392
737034.49,1.6,4.0278974,3.9367415,4.1031998,0.61951661,2017-12-05 11:45:35.999999196
737034.71,1.57,4.0392405,3.9480846,4.1145429,0.61544429,2017-12-05 17:02:23.999996777
737035.6,1.53,4.0382263,3.9470704,4.1135287,0.61754648,2017-12-06 14:23:59.999997986
737037.51,1.6,4.0271254,3.9359695,4.1024278,0.61746054,2017-12-08 12:14:24.000000803
737040.46,1.53,4.0123005,3.9211446,4.0876029,0.62133768,2017-12-11 11:02:23.999996777
737042.91,1.53,3.9993437,3.9081878,4.0746461,0.62172635,2017-12-13 21:50:24.000002816
737043.31,2.69,4.0086814,3.9175255,4.0839838,0.62367781,2017-12-14 07:26:24.000004829
737049.43,1.84,3.9801036,3.8889476,4.055406,0.62695273,2017-12-20 10:19:12.000004423
737050.51,1.53,3.9768294,3.8856734,4.0521318,0.62765503,2017-12-21 12:14:24.000000803
737057.22,1.6,3.9456372,3.8544812,4.0209396,0.62851256,2017-12-28 05:16:47.999997589
737057.35,1.57,3.9462364,3.8550804,4.0215388,0.63153714,2017-12-28 08:23:59.999997986
737057.39,2.05,3.94893,3.8577741,4.0242324,0.63007004,2017-12-28 09:21:36.000001209
737057.89,1.57,3.9471174,3.8559615,4.0224198,0.62610965,2017-12-28 21:21:36.000001209
737057.93,1.63,3.9480468,3.8568908,4.0233492,0.62413645,2017-12-28 22:19:12.000004423
737058.37,1.94,3.9467838,3.8556279,4.0220862,0.62020698,2017-12-29 08:52:47.999999593
737058.62,1.94,3.9596649,3.868509,4.0349673,0.61779537,2017-12-29 14:52:47.999999593
737058.69,1.57,3.9613823,3.8702264,4.0366847,0.61988497,2017-12-29 16:33:35.999995170
737058.87,1.63,3.961924,3.870768,4.0372264,0.61722175,2017-12-29 20:52:47.999999593
737059.22,1.84,3.9671529,3.875997,4.0424553,0.61639685,2017-12-30 05:16:47.999997589
737062.6,1.84,3.9539582,3.8628023,4.0292606,0.613768,2018-01-02 14:23:59.999997986
737063.01,2.69,3.9610803,3.8699243,4.0363826,0.61660846,2018-01-03 00:14:24.000000803
737063.21,1.6,3.9564178,3.8652619,4.0317202,0.61298712,2018-01-03 05:02:23.999996777
737063.67,1.63,3.9532213,3.8620654,4.0285237,0.60890314,2018-01-03 16:04:48.000003620
737064.8,2.13,3.9549878,3.8638319,4.0302902,0.61251487,2018-01-04 19:12:00.000004026
737065.51,1.53,3.952547,3.8613911,4.0278494,0.61413883,2018-01-05 12:14:24.000000803
737066.03,2.46,3.9642987,3.8731428,4.0396011,0.61165141,2018-01-06 00:43:12.000002410
737067.87,2.53,3.961179,3.870023,4.0364814,0.61253256,2018-01-07 20:52:47.999999593
737075.94,2.09,3.9288441,3.8376882,4.0041465,0.61795756,2018-01-15 22:33:35.999995170
737076.09,1.57,3.9312923,3.8401363,4.0065947,0.61759713,2018-01-16 02:09:35.999997183
737080.98,2.46,3.9157868,3.8246309,3.9910892,0.61973376,2018-01-20 23:31:11.999998392
737083.43,1.63,3.9056907,3.8145347,3.9809931,0.62052065,2018-01-23 10:19:12.000004423
737083.88,1.57,3.9063437,3.8151878,3.9816461,0.62019037,2018-01-23 21:07:12.000000406
737090.1,3.15,3.9004177,3.8092618,3.9757201,0.62588375,2018-01-30 02:23:59.999997986
737091.84,1.57,3.8944739,3.803318,3.9697763,0.62694242,2018-01-31 20:09:35.999997183
737093.52,2.66,3.8981907,3.8070347,3.9734931,0.63156857,2018-02-02 12:28:48.000001607
737097.02,2.62,3.8897925,3.7986366,3.9650949,0.63022901,2018-02-06 00:28:48.000001607
737097.05,1.57,3.890414,3.799258,3.9657163,0.6310905,2018-02-06 01:12:00.000004026
737098.02,1.6,3.8930996,3.8019437,3.968402,0.63332902,2018-02-07 00:28:48.000001607
737098.95,1.6,3.8898873,3.7987314,3.9651897,0.63363545,2018-02-07 22:47:59.999995973
737099.98,1.57,3.8882201,3.7970641,3.9635225,0.63673332,2018-02-08 23:31:11.999998392
737100.01,3.05,3.9015217,3.8103657,3.9768241,0.63921257,2018-02-09 00:14:24.000000803
737100.79,1.6,3.8989606,3.8078047,3.974263,0.63213752,2018-02-09 18:57:36.000003222
737101.12,1.84,3.9005038,3.8093479,3.9758062,0.63214707,2018-02-10 02:52:47.999999593
737101.12,1.84,3.9005038,3.8093479,3.9758062,0.63494416,2018-02-10 02:52:47.999999593
737101.12,1.6,3.9035789,3.812423,3.9788813,0.63214707,2018-02-10 02:52:47.999999593
737101.12,1.6,3.9035789,3.812423,3.9788813,0.63494416,2018-02-10 02:52:47.999999593
737101.53,1.63,3.9034806,3.8123247,3.978783,0.63282219,2018-02-10 12:43:12.000002410
737103.83,1.63,3.8968097,3.8056537,3.9721121,0.63367669,2018-02-12 19:55:11.999996379
737103.85,1.84,3.8995845,3.8084286,3.9748869,0.63285849,2018-02-12 20:23:59.999997986
737103.92,1.53,3.9003485,3.8091926,3.9756509,0.63644073,2018-02-12 22:04:48.000003620
737104.17,1.53,3.9026878,3.8115318,3.9779902,0.64038886,2018-02-13 04:04:48.000003620
737104.81,1.6,3.8995381,3.8083822,3.9748405,0.63954491,2018-02-13 19:26:24.000004829
737105.22,1.6,3.9000096,3.8088537,3.975312,0.63589808,2018-02-14 05:16:47.999997589
737105.48,2.0,3.9096857,3.8185298,3.9849881,0.63504987,2018-02-14 11:31:11.999998392
737105.82,1.63,3.912265,3.821109,3.9875674,0.63371343,2018-02-14 19:40:47.999995576
737106.36,2.66,3.9261239,3.834968,4.0014263,0.63284894,2018-02-15 08:38:23.999998790
737107.05,1.63,3.9261794,3.8350235,4.0014818,0.63210643,2018-02-16 01:12:00.000004026
737107.08,1.6,3.9259322,3.8347763,4.0012346,0.63242145,2018-02-16 01:55:11.999996379
737107.93,1.6,3.9254803,3.8343244,4.0007827,0.6355877,2018-02-16 22:19:12.000004423
737110.27,1.63,3.9164981,3.8253422,3.9918005,0.63840747,2018-02-19 06:28:48.000001607
737111.0,1.63,3.9194023,3.8282464,3.9947047,0.6356913,2018-02-20 00:00:00.000000000
737111.92,1.57,3.9172876,3.8261317,3.99259,0.63503277,2018-02-20 22:04:48.000003620
737112.39,1.84,3.9183887,3.8272328,3.9936911,0.63385333,2018-02-21 09:21:36.000001209
737112.51,2.62,3.9253601,3.8342042,4.0006625,0.63611055,2018-02-21 12:14:24.000000803
737112.61,2.58,3.9309819,3.839826,4.0062843,0.6401053,2018-02-21 14:38:23.999998790
737112.87,1.63,3.9355081,3.8443522,4.0108105,0.63850278,2018-02-21 20:52:47.999999593
737113.68,1.84,3.9366309,3.845475,4.0119333,0.63802662,2018-02-22 16:19:12.000004423
737113.72,1.57,3.935793,3.8446371,4.0110954,0.64041199,2018-02-22 17:16:47.999997589
737114.84,2.46,3.9399197,3.8487637,4.0152221,0.64069015,2018-02-23 20:09:35.999997183
737115.62,2.58,3.9437303,3.8525743,4.0190326,0.63840991,2018-02-24 14:52:47.999999593
737117.94,1.6,3.9394369,3.848281,4.0147393,0.63855692,2018-02-26 22:33:35.999995170
737118.63,2.66,3.944091,3.8529351,4.0193934,0.64144931,2018-02-27 15:07:12.000000406
737118.94,1.63,3.9457841,3.8546281,4.0210865,0.64158641,2018-02-27 22:33:35.999995170
737119.76,1.63,3.940958,3.8498021,4.0162604,0.63544659,2018-02-28 18:14:24.000000803
737120.0,1.6,3.9416229,3.850467,4.0169253,0.63470953,2018-03-01 00:00:00.000000000
737120.62,1.6,3.9413814,3.8502254,4.0166838,0.63426648,2018-03-01 14:52:47.999999593
737120.69,1.94,3.9428211,3.8516652,4.0181235,0.63821688,2018-03-01 16:33:35.999995170
737120.72,1.63,3.9450098,3.8538538,4.0203121,0.64108803,2018-03-01 17:16:47.999997589
737120.79,1.84,3.9464048,3.8552488,4.0217072,0.64459067,2018-03-01 18:57:36.000003222
737121.19,1.53,3.9432872,3.8521313,4.0185896,0.64481363,2018-03-02 04:33:35.999995170
737121.96,1.57,3.9417243,3.8505683,4.0170266,0.64581387,2018-03-02 23:02:23.999996777
737124.1,2.53,3.9531064,3.8619505,4.0284088,0.64754279,2018-03-05 02:23:59.999997986
737126.18,1.53,3.9462384,3.8550825,4.0215408,0.64902585,2018-03-07 04:19:12.000004423
737126.66,1.57,3.9450573,3.8539013,4.0203597,0.64814755,2018-03-07 15:50:24.000002816
737127.99,1.63,3.9427782,3.8516223,4.0180806,0.64782105,2018-03-08 23:45:35.999999196
737128.79,1.6,3.9361239,3.844968,4.0114263,0.64271584,2018-03-09 18:57:36.000003222
737131.64,2.37,3.9281099,3.836954,4.0034123,0.63996115,2018-03-12 15:21:36.000001209
737132.51,1.6,3.9260867,3.8349308,4.0013891,0.64007999,2018-03-13 12:14:24.000000803
737132.59,1.63,3.92663,3.8354741,4.0019324,0.64172107,2018-03-13 14:09:35.999997183
737132.82,1.6,3.9333934,3.8422374,4.0086958,0.63690012,2018-03-13 19:40:47.999995576
737133.67,1.53,3.9298742,3.8387182,4.0051766,0.63532778,2018-03-14 16:04:48.000003620
737133.74,1.6,3.9342059,3.84305,4.0095083,0.63444946,2018-03-14 17:45:35.999999196
737136.49,1.57,3.9253527,3.8341968,4.0006551,0.6379103,2018-03-17 11:45:35.999999196
737137.16,2.09,3.9276023,3.8364463,4.0029047,0.63654198,2018-03-18 03:50:24.000002816
737139.94,1.6,3.9206577,3.8295017,3.9959601,0.63935341,2018-03-20 22:33:35.999995170
737141.61,1.94,3.9177132,3.8265572,3.9930155,0.63845723,2018-03-22 14:38:23.999998790
737142.01,1.53,3.9203742,3.8292182,3.9956766,0.6425336,2018-03-23 00:14:24.000000803
737142.98,1.6,3.9229321,3.8317762,3.9982345,0.64211477,2018-03-23 23:31:11.999998392
737143.01,1.94,3.9280304,3.8368745,4.0033328,0.64162192,2018-03-24 00:14:24.000000803
737145.13,1.6,3.9210631,3.8299072,3.9963655,0.63746267,2018-03-26 03:07:12.000000406
737145.78,1.6,3.9274302,3.8362742,4.0027325,0.63425196,2018-03-26 18:43:12.000002410
737146.59,1.63,3.9380557,3.8468997,4.013358,0.6313605,2018-03-27 14:09:35.999997183
737148.25,1.53,3.931463,3.840307,4.0067654,0.63100301,2018-03-29 06:00:00.000000000
737148.63,2.74,3.938846,3.8476901,4.0141484,0.63161639,2018-03-29 15:07:12.000000406
737148.74,2.58,3.9480484,3.8568924,4.0233508,0.63218675,2018-03-29 17:45:35.999999196
737148.85,1.53,3.9547631,3.8636072,4.0300655,0.63287423,2018-03-29 20:23:59.999997986
737149.13,2.16,3.968106,3.8769501,4.0434084,0.63041347,2018-03-30 03:07:12.000000406
737149.31,1.94,3.9788434,3.8876874,4.0541458,0.62810433,2018-03-30 07:26:24.000004829
737149.4,1.53,3.9727923,3.8816364,4.0480947,0.63088604,2018-03-30 09:36:00.000002013
737153.45,1.84,3.9813151,3.8901592,4.0566175,0.6288348,2018-04-03 10:47:59.999995973
737154.47,1.63,3.9819292,3.8907733,4.0572316,0.6245018,2018-04-04 11:16:47.999997589
737155.23,1.6,4.0075456,3.9163897,4.082848,0.62369187,2018-04-05 05:31:11.999998392
737156.55,1.94,4.0037425,3.9125866,4.0790449,0.61885611,2018-04-06 13:12:00.000004026
737156.86,1.53,4.0004171,3.9092612,4.0757195,0.61666558,2018-04-06 20:38:23.999998790
737157.37,1.57,4.0003573,3.9092014,4.0756597,0.61814317,2018-04-07 08:52:47.999999593
737159.42,1.53,3.9913407,3.9001847,4.0666431,0.61887559,2018-04-09 10:04:48.000003620
737159.48,1.57,3.9914887,3.9003328,4.0667911,0.62140869,2018-04-09 11:31:11.999998392
737159.92,2.0,3.9909821,3.8998261,4.0662845,0.62115607,2018-04-09 22:04:48.000003620
737160.14,1.53,3.9902103,3.8990544,4.0655127,0.62090279,2018-04-10 03:21:36.000001209
737160.31,1.57,3.9900604,3.8989045,4.0653628,0.62464623,2018-04-10 07:26:24.000004829
737160.57,1.53,3.9893508,3.8981948,4.0646532,0.62652288,2018-04-10 13:40:47.999995576
737160.87,1.53,4.0016017,3.9104458,4.0769041,0.62928059,2018-04-10 20:52:47.999999593
737160.97,1.94,3.9970268,3.9058709,4.0723292,0.63139243,2018-04-10 23:16:47.999997589
737161.79,1.6,3.9943015,3.9031455,4.0696039,0.63261677,2018-04-11 18:57:36.000003222
737161.82,1.53,3.9958768,3.9047209,4.0711792,0.63891814,2018-04-11 19:40:47.999995576
737161.99,2.66,4.0046393,3.9134833,4.0799416,0.64101715,2018-04-11 23:45:35.999999196
737162.04,1.84,4.0087361,3.9175802,4.0840385,0.63979487,2018-04-12 00:57:36.000003222
737162.44,1.57,4.0042783,3.9131224,4.0795807,0.64030134,2018-04-12 10:33:35.999995170
737163.62,2.0,4.0033636,3.9122077,4.078666,0.6381348,2018-04-13 14:52:47.999999593
737163.9,1.6,4.0379995,3.9468436,4.1133019,0.62906071,2018-04-13 21:36:00.000002013
737164.25,1.57,4.0370234,3.9458674,4.1123258,0.63272141,2018-04-14 06:00:00.000000000
737166.37,1.57,4.0456951,3.9545391,4.1209974,0.63013133,2018-04-16 08:52:47.999999593
737167.32,2.69,4.0607232,3.9695673,4.1360256,0.63193094,2018-04-17 07:40:47.999995576
737167.65,1.66,4.0616832,3.9705273,4.1369856,0.63199643,2018-04-17 15:36:00.000002013
737169.78,2.66,4.0757812,3.9846253,4.1510836,0.63055608,2018-04-19 18:43:12.000002410
737169.84,1.53,4.0848879,3.9937319,4.1601903,0.63332636,2018-04-19 20:09:35.999997183
737170.09,1.94,4.087132,3.9959761,4.1624344,0.6321594,2018-04-20 02:09:35.999997183
737171.41,1.6,4.092909,4.0017531,4.1682114,0.62952163,2018-04-21 09:50:24.000002816
737172.12,1.6,4.0889856,3.9978297,4.164288,0.62618373,2018-04-22 02:52:47.999999593
737173.9,1.6,4.0843323,3.9931764,4.1596347,0.62281553,2018-04-23 21:36:00.000002013
737174.08,2.62,4.0954885,4.0043326,4.1707909,0.62170347,2018-04-24 01:55:11.999996379
737174.71,1.57,4.0978242,4.0066682,4.1731266,0.61863239,2018-04-24 17:02:23.999996777
737175.77,1.57,4.0785098,3.9873539,4.1538122,0.61532731,2018-04-25 18:28:48.000001607
737177.05,1.84,4.0766714,3.9855154,4.1519737,0.61676891,2018-04-27 01:12:00.000004026
737180.38,1.57,4.0587624,3.9676064,4.1340648,0.62043444,2018-04-30 09:07:12.000000406
737181.67,2.13,4.0544007,3.9632448,4.1297031,0.62021306,2018-05-01 16:04:48.000003620
737182.38,1.6,4.0526489,3.961493,4.1279513,0.6192283,2018-05-02 09:07:12.000000406
737188.51,1.63,4.0325837,3.9414278,4.1078861,0.62129714,2018-05-08 12:14:24.000000803
737190.7,1.6,4.0205379,3.929382,4.0958403,0.61898848,2018-05-10 16:47:59.999995973
737194.46,1.6,4.002739,3.911583,4.0780414,0.61860418,2018-05-14 11:02:23.999996777
737195.18,1.6,4.0007261,3.9095702,4.0760285,0.61896216,2018-05-15 04:19:12.000004423
737196.53,1.84,3.998365,3.9072091,4.0736674,0.61996265,2018-05-16 12:43:12.000002410
737199.49,2.16,3.9892644,3.8981084,4.0645668,0.62465483,2018-05-19 11:45:35.999999196
737201.9,1.84,3.9786493,3.8874934,4.0539517,0.62547036,2018-05-21 21:36:00.000002013
737204.19,2.0,3.9716429,3.8804869,4.0469453,0.62832486,2018-05-24 04:33:35.999995170
737208.13,2.0,3.951246,3.86009,4.0265484,0.62927336,2018-05-28 03:07:12.000000406
737210.23,1.53,3.9449165,3.8537606,4.0202189,0.63467236,2018-05-30 05:31:11.999998392
737213.41,1.94,3.9333838,3.8422279,4.0086862,0.63411675,2018-06-02 09:50:24.000002816
737213.64,1.63,3.9360422,3.8448863,4.0113446,0.63069352,2018-06-02 15:21:36.000001209
737214.15,1.84,3.9444876,3.8533316,4.01979,0.62769714,2018-06-03 03:36:00.000002013
737215.37,1.84,3.9433077,3.8521518,4.0186101,0.62852137,2018-06-04 08:52:47.999999593
737216.04,2.37,3.948891,3.857735,4.0241934,0.63046311,2018-06-05 00:57:36.000003222
737216.52,1.84,3.9488773,3.8577214,4.0241797,0.63018261,2018-06-05 12:28:48.000001607
737217.58,1.63,3.9381404,3.8469845,4.0134428,0.62676387,2018-06-06 13:55:11.999996379
737217.58,1.63,3.9381404,3.8469845,4.0134428,0.62738367,2018-06-06 13:55:11.999996379
737217.58,2.16,3.934804,3.8436481,4.0101064,0.62676387,2018-06-06 13:55:11.999996379
737217.58,2.16,3.934804,3.8436481,4.0101064,0.62738367,2018-06-06 13:55:11.999996379
737223.14,1.6,3.9132972,3.8221412,3.9885996,0.62941676,2018-06-12 03:21:36.000001209
737224.29,1.53,3.9107437,3.8195878,3.9860461,0.63289145,2018-06-13 06:57:36.000003222
737226.8,1.63,3.9013572,3.8102013,3.9766596,0.62960447,2018-06-15 19:12:00.000004026
737227.14,1.53,3.8987342,3.8075783,3.9740366,0.62963491,2018-06-16 03:21:36.000001209
737227.32,1.57,3.8942142,3.8030582,3.9695166,0.62983632,2018-06-16 07:40:47.999995576
737228.46,1.63,3.8989527,3.8077967,3.9742551,0.63049356,2018-06-17 11:02:23.999996777
737234.36,2.0,3.8730387,3.7818828,3.9483411,0.63194292,2018-06-23 08:38:23.999998790
737234.36,2.0,3.8730387,3.7818828,3.9483411,0.63819431,2018-06-23 08:38:23.999998790
737234.36,2.05,3.8763377,3.7851818,3.9516401,0.63194292,2018-06-23 08:38:23.999998790
737234.36,2.05,3.8763377,3.7851818,3.9516401,0.63819431,2018-06-23 08:38:23.999998790
737237.5,2.0,3.8694657,3.7783098,3.9447681,0.64345294,2018-06-26 12:00:00.000000000
737240.33,2.0,3.861957,3.7708011,3.9372594,0.64584713,2018-06-29 07:55:11.999996379
737244.58,1.63,3.8491325,3.7579766,3.9244349,0.64761117,2018-07-03 13:55:11.999996379
737245.58,1.84,3.8453576,3.7542016,3.9206599,0.64624754,2018-07-04 13:55:11.999996379
737246.14,2.09,3.8458995,3.7547436,3.9212019,0.64601972,2018-07-05 03:21:36.000001209
737247.5,1.63,3.8405027,3.7493467,3.9158051,0.64521348,2018-07-06 12:00:00.000000000
737248.88,1.84,3.8384666,3.7473106,3.913769,0.64355678,2018-07-07 21:07:12.000000406
737250.15,1.57,3.8367513,3.7455953,3.9120537,0.64627706,2018-07-09 03:36:00.000002013
737250.45,1.94,3.8383409,3.747185,3.9136433,0.64549117,2018-07-09 10:47:59.999995973
737250.82,1.57,3.8444371,3.7532812,3.9197395,0.6458091,2018-07-09 19:40:47.999995576
737250.99,1.63,3.8457457,3.7545897,3.9210481,0.64957755,2018-07-09 23:45:35.999999196
737251.16,1.84,3.8506966,3.7595406,3.925999,0.65386358,2018-07-10 03:50:24.000002816
737251.5,1.94,3.8539149,3.7627589,3.9292172,0.65709779,2018-07-10 12:00:00.000000000
737251.72,1.6,3.8586512,3.7674952,3.9339536,0.65476145,2018-07-10 17:16:47.999997589
737251.87,1.63,3.8613732,3.7702172,3.9366756,0.65866445,2018-07-10 20:52:47.999999593
737252.11,1.57,3.8605349,3.7693789,3.9358372,0.65935306,2018-07-11 02:38:23.999998790
737252.32,1.57,3.8605421,3.7693862,3.9358445,0.66368862,2018-07-11 07:40:47.999995576
737252.34,2.0,3.8657224,3.7745664,3.9410248,0.66619091,2018-07-11 08:09:35.999997183
737252.34,2.0,3.8657224,3.7745664,3.9410248,0.66962175,2018-07-11 08:09:35.999997183
737252.34,1.94,3.8675552,3.7763992,3.9428576,0.66619091,2018-07-11 08:09:35.999997183
737252.34,1.94,3.8675552,3.7763992,3.9428576,0.66962175,2018-07-11 08:09:35.999997183
737253.45,1.57,3.8735864,3.7824305,3.9488888,0.66835619,2018-07-12 10:47:59.999995973
737261.8,1.53,3.8432363,3.7520804,3.9185387,0.6714421,2018-07-20 19:12:00.000004026
737281.84,1.63,3.7870436,3.6958877,3.862346,0.67024398,2018-08-09 20:09:35.999997183
737288.59,1.84,3.7712279,3.6800719,3.8465303,0.67352726,2018-08-16 14:09:35.999997183
737293.04,2.16,3.7626191,3.6714632,3.8379215,0.67413256,2018-08-21 00:57:36.000003222
737294.02,1.57,3.7624798,3.6713239,3.8377822,0.67496918,2018-08-22 00:28:48.000001607
737294.08,1.84,3.7618709,3.670715,3.8371733,0.67381334,2018-08-22 01:55:11.999996379
737294.54,1.63,3.7667825,3.6756266,3.8420849,0.67295204,2018-08-22 12:57:36.000003222
737295.27,1.94,3.7681152,3.6769593,3.8434176,0.67321105,2018-08-23 06:28:48.000001607
737296.13,1.84,3.7689133,3.6777574,3.8442157,0.67274142,2018-08-24 03:07:12.000000406
737296.62,2.09,3.7750368,3.6838809,3.8503392,0.6703211,2018-08-24 14:52:47.999999593
737298.95,1.63,3.7606271,3.6694712,3.8359295,0.66832966,2018-08-26 22:47:59.999995973
737299.49,1.57,3.7523224,3.6611665,3.8276248,0.66398307,2018-08-27 11:45:35.999999196
737301.78,2.05,3.7486364,3.6574805,3.8239388,0.66211399,2018-08-29 18:43:12.000002410
737306.23,1.63,3.7340216,3.6428657,3.809324,0.66038782,2018-09-03 05:31:11.999998392
737306.75,1.63,3.7316034,3.6404474,3.8069058,0.65854888,2018-09-03 18:00:00.000000000
737307.5,1.63,3.7301706,3.6390146,3.805473,0.65361849,2018-09-04 12:00:00.000000000
737307.89,1.84,3.7403579,3.649202,3.8156603,0.65600323,2018-09-04 21:21:36.000001209
737309.53,2.13,3.7413109,3.650155,3.8166133,0.65873435,2018-09-06 12:43:12.000002410
737310.2,2.13,3.744343,3.6531871,3.8196454,0.65910575,2018-09-07 04:47:59.999995973
737310.66,2.09,3.7476688,3.6565129,3.8229712,0.66278994,2018-09-07 15:50:24.000002816
737314.62,1.94,3.7393566,3.6482007,3.814659,0.66540297,2018-09-11 14:52:47.999999593
737315.05,2.0,3.7415822,3.6504263,3.8168846,0.66547568,2018-09-12 01:12:00.000004026
737315.65,1.53,3.7456043,3.6544483,3.8209067,0.66788216,2018-09-12 15:36:00.000002013
737316.51,1.6,3.7434987,3.6523427,3.818801,0.66549672,2018-09-13 12:14:24.000000803
737316.91,1.6,3.7416847,3.6505287,3.8169871,0.66732262,2018-09-13 21:50:24.000002816
737317.13,1.57,3.7418578,3.6507019,3.8171602,0.66951228,2018-09-14 03:07:12.000000406
737317.6,1.57,3.7410036,3.6498477,3.816306,0.66805009,2018-09-14 14:23:59.999997986
737317.68,1.57,3.7416421,3.6504862,3.8169445,0.66590889,2018-09-14 16:19:12.000004423
737318.16,1.94,3.7429659,3.6518099,3.8182683,0.66034921,2018-09-15 03:50:24.000002816
737320.69,1.63,3.7348757,3.6437198,3.8101781,0.65498154,2018-09-17 16:33:35.999995170
737321.15,1.63,3.7359547,3.6447988,3.8112571,0.65421049,2018-09-18 03:36:00.000002013
737322.17,1.63,3.7336467,3.6424908,3.8089491,0.64820007,2018-09-19 04:04:48.000003620
737322.43,1.63,3.7256032,3.6344473,3.8009056,0.6441196,2018-09-19 10:19:12.000004423
737322.73,1.63,3.7240038,3.6328479,3.7993062,0.64216332,2018-09-19 17:31:11.999998392
737323.16,1.6,3.7240082,3.6328522,3.7993106,0.64109336,2018-09-20 03:50:24.000002816
737323.51,1.6,3.7243164,3.6331605,3.7996188,0.64288155,2018-09-20 12:14:24.000000803
737323.76,1.53,3.7241097,3.6329538,3.7994121,0.64668752,2018-09-20 18:14:24.000000803
737323.81,1.84,3.7261186,3.6349627,3.801421,0.64659224,2018-09-20 19:26:24.000004829
737324.01,1.57,3.7313918,3.6402359,3.8066942,0.64815087,2018-09-21 00:14:24.000000803
737324.7,1.53,3.7233492,3.6321933,3.7986516,0.64933087,2018-09-21 16:47:59.999995973
737325.03,1.6,3.723098,3.6319421,3.7984004,0.65070405,2018-09-22 00:43:12.000002410
737325.45,1.63,3.7197184,3.6285625,3.7950208,0.64925637,2018-09-22 10:47:59.999995973
737327.47,1.63,3.7146935,3.6235375,3.7899959,0.64450596,2018-09-24 11:16:47.999997589
737328.21,1.63,3.7117987,3.6206428,3.7871011,0.63936237,2018-09-25 05:02:23.999996777
737328.65,1.6,3.7141989,3.623043,3.7895013,0.63662129,2018-09-25 15:36:00.000002013
737328.92,1.53,3.7151622,3.6240063,3.7904646,0.64029442,2018-09-25 22:04:48.000003620
737329.13,1.53,3.7192629,3.628107,3.7945653,0.64481455,2018-09-26 03:07:12.000000406
737329.24,1.63,3.7116919,3.6205359,3.7869943,0.64282013,2018-09-26 05:45:35.999999196
737329.55,1.6,3.7127012,3.6215453,3.7880036,0.64192635,2018-09-26 13:12:00.000004026
737329.79,1.63,3.7152231,3.6240672,3.7905255,0.64172839,2018-09-26 18:57:36.000003222
737330.13,1.63,3.7168627,3.6257068,3.7921651,0.64225741,2018-09-27 03:07:12.000000406
737330.5,1.57,3.7253725,3.6342166,3.8006749,0.63865849,2018-09-27 12:00:00.000000000
737330.61,1.63,3.7258973,3.6347414,3.8011997,0.63717957,2018-09-27 14:38:23.999998790
737330.79,1.53,3.7271932,3.6360373,3.8024956,0.64005692,2018-09-27 18:57:36.000003222
737330.86,1.57,3.7450196,3.6538637,3.820322,0.63993834,2018-09-27 20:38:23.999998790
737331.15,1.6,3.7508915,3.6597356,3.8261939,0.63797052,2018-09-28 03:36:00.000002013
737331.55,1.6,3.7613852,3.6702293,3.8366876,0.63244762,2018-09-28 13:12:00.000004026
737331.69,1.57,3.7631135,3.6719576,3.8384159,0.63549448,2018-09-28 16:33:35.999995170
737331.71,1.63,3.7663244,3.6751684,3.8416268,0.63846882,2018-09-28 17:02:23.999996777
737331.82,1.57,3.7722005,3.6810446,3.8475029,0.63481058,2018-09-28 19:40:47.999995576
737331.96,1.53,3.7782652,3.6871093,3.8535676,0.63255461,2018-09-28 23:02:23.999996777
737332.17,1.63,3.7832401,3.6920842,3.8585425,0.62861422,2018-09-29 04:04:48.000003620
737334.2,1.57,3.7875273,3.6963713,3.8628297,0.62545785,2018-10-01 04:47:59.999995973
737334.84,1.84,3.7940428,3.7028868,3.8693452,0.62095349,2018-10-01 20:09:35.999997183
737335.16,1.63,3.802475,3.7113191,3.8777774,0.61875044,2018-10-02 03:50:24.000002816
737335.56,1.63,3.8018772,3.7107213,3.8771796,0.61822068,2018-10-02 13:26:24.000004829
737335.78,1.53,3.8014448,3.7102889,3.8767472,0.61734071,2018-10-02 18:43:12.000002410
737335.79,1.57,3.8044923,3.7133364,3.8797947,0.61773476,2018-10-02 18:57:36.000003222
737336.16,1.63,3.8003729,3.7092169,3.8756753,0.61483277,2018-10-03 03:50:24.000002816
737336.63,1.6,3.7991876,3.7080317,3.87449,0.61632928,2018-10-03 15:07:12.000000406
737336.9,1.84,3.8031668,3.7120109,3.8784692,0.61669512,2018-10-03 21:36:00.000002013
737337.07,1.57,3.7989805,3.7078246,3.8742829,0.61163278,2018-10-04 01:40:47.999995576
737337.49,1.57,3.8179628,3.7268069,3.8932652,0.6089072,2018-10-04 11:45:35.999999196
737338.37,1.84,3.8204768,3.7293209,3.8957792,0.60371403,2018-10-05 08:52:47.999999593
737338.97,1.84,3.8288769,3.737721,3.9041793,0.60037471,2018-10-05 23:16:47.999997589
737339.1,1.57,3.829881,3.7387251,3.9051834,0.59695111,2018-10-06 02:23:59.999997986
737339.43,1.6,3.8293935,3.7382376,3.9046959,0.59075553,2018-10-06 10:19:12.000004423
737340.66,1.57,3.8287872,3.7376313,3.9040896,0.58861324,2018-10-07 15:50:24.000002816
737342.42,1.63,3.8430353,3.7518794,3.9183377,0.58301184,2018-10-09 10:04:48.000003620
737342.43,1.6,3.8404229,3.749267,3.9157253,0.57999339,2018-10-09 10:19:12.000004423
737343.13,1.94,3.8499432,3.7587873,3.9252456,0.57295311,2018-10-10 03:07:12.000000406
737343.68,1.57,3.8570497,3.7658937,3.9323521,0.56478901,2018-10-10 16:19:12.000004423
737343.9,1.57,3.8740838,3.7829279,3.9493862,0.56239173,2018-10-10 21:36:00.000002013
737343.92,1.84,3.8783463,3.7871904,3.9536487,0.56397715,2018-10-10 22:04:48.000003620
737345.52,1.53,3.8705872,3.7794313,3.9458896,0.5661093,2018-10-12 12:28:48.000001607
737345.6,1.57,3.8759572,3.7848013,3.9512596,0.56662286,2018-10-12 14:23:59.999997986
737349.06,1.63,3.8657537,3.7745978,3.9410561,0.56768846,2018-10-16 01:26:24.000004829
737349.87,1.6,3.867864,3.776708,3.9431664,0.56596289,2018-10-16 20:52:47.999999593
737350.8,1.84,3.8645245,3.7733686,3.9398269,0.56765161,2018-10-17 19:12:00.000004026
737350.86,1.6,3.8659712,3.7748153,3.9412736,0.56940778,2018-10-17 20:38:23.999998790
737351.59,1.57,3.8633054,3.7721494,3.9386078,0.570401,2018-10-18 14:09:35.999997183
737352.07,1.57,3.8606266,3.7694707,3.935929,0.5700921,2018-10-19 01:40:47.999995576
737353.19,1.84,3.8566035,3.7654476,3.9319059,0.57000176,2018-10-20 04:33:35.999995170
737353.24,3.1,3.8749962,3.7838403,3.9502986,0.57760195,2018-10-20 05:45:35.999999196
737353.35,1.63,3.8751697,3.7840138,3.9504721,0.57823071,2018-10-20 08:23:59.999997986
737353.86,1.84,3.8753628,3.7842069,3.9506652,0.57834955,2018-10-20 20:38:23.999998790
737355.49,1.94,3.871202,3.780046,3.9465044,0.58061019,2018-10-22 11:45:35.999999196
737356.24,1.84,3.8671689,3.7760129,3.9424712,0.57517691,2018-10-23 05:45:35.999999196
737356.96,2.16,3.8657499,3.774594,3.9410523,0.57383866,2018-10-23 23:02:23.999996777
737357.02,1.94,3.8720537,3.7808978,3.9473561,0.57161111,2018-10-24 00:28:48.000001607
737357.65,1.94,3.9077332,3.8165772,3.9830355,0.56401464,2018-10-24 15:36:00.000002013
737358.31,2.09,4.0084825,3.9173265,4.0837848,0.56190191,2018-10-25 07:26:24.000004829
737358.88,1.63,4.0440043,3.9528483,4.1193066,0.55275076,2018-10-25 21:07:12.000000406
737359.17,1.94,4.0690098,3.9778538,4.1443122,0.54369506,2018-10-26 04:04:48.000003620
737359.57,1.6,4.072931,3.981775,4.1482333,0.53928876,2018-10-26 13:40:47.999995576
737360.04,2.09,4.0718137,3.9806578,4.1471161,0.53761355,2018-10-27 00:57:36.000003222
737360.37,2.0,4.0747336,3.9835777,4.150036,0.54002118,2018-10-27 08:52:47.999999593
737362.59,1.94,4.0649859,3.97383,4.1402883,0.54299498,2018-10-29 14:09:35.999997183
737362.61,2.16,4.0725282,3.9813723,4.1478306,0.54909774,2018-10-29 14:38:23.999998790
737362.77,1.94,4.0736648,3.9825089,4.1489672,0.5483049,2018-10-29 18:28:48.000001607
737363.09,1.53,4.0867008,3.9955449,4.1620032,0.54555074,2018-10-30 02:09:35.999997183
737365.34,1.94,4.0771561,3.9860002,4.1524585,0.54754657,2018-11-01 08:09:35.999997183
737369.96,1.84,4.0607181,3.9695622,4.1360205,0.54603207,2018-11-05 23:02:23.999996777
737373.59,2.09,4.0686205,3.9774646,4.1439229,0.54726155,2018-11-09 14:09:35.999997183
737373.88,2.0,4.0720831,3.9809271,4.1473855,0.54970625,2018-11-09 21:07:12.000000406
737374.01,1.63,4.0760436,3.9848877,4.151346,0.55035226,2018-11-10 00:14:24.000000803
737376.33,1.94,4.0642506,3.9730946,4.139553,0.55286827,2018-11-12 07:55:11.999996379
737377.22,1.6,4.0660012,3.9748452,4.1413036,0.54893621,2018-11-13 05:16:47.999997589
737377.56,2.05,4.0675268,3.9763709,4.1428292,0.54779723,2018-11-13 13:26:24.000004829
737377.73,1.63,4.0667912,3.9756352,4.1420936,0.54461986,2018-11-13 17:31:11.999998392
737377.77,3.1,4.1077567,4.0166007,4.1830591,0.5450046,2018-11-13 18:28:48.000001607
737379.61,1.63,4.0962692,4.0051133,4.1715716,0.54627621,2018-11-15 14:38:23.999998790
737379.77,1.57,4.0993952,4.0082393,4.1746976,0.54425877,2018-11-15 18:28:48.000001607
737381.15,1.53,4.0956304,4.0044745,4.1709328,0.5472114,2018-11-17 03:36:00.000002013
737381.32,1.57,4.0969994,4.0058435,4.1723018,0.54971581,2018-11-17 07:40:47.999995576
737381.91,1.84,4.0957631,4.0046072,4.1710655,0.54728116,2018-11-17 21:50:24.000002816
737384.12,2.16,4.0875867,3.9964307,4.1628891,0.55083836,2018-11-20 02:52:47.999999593
737384.13,2.37,4.0930706,4.0019147,4.168373,0.55353536,2018-11-20 03:07:12.000000406
737384.18,2.0,4.0962999,4.005144,4.1716023,0.55451109,2018-11-20 04:19:12.000004423
737386.08,1.57,4.1001626,4.0090067,4.175465,0.55685124,2018-11-22 01:55:11.999996379
737386.16,1.53,4.1023838,4.0112279,4.1776862,0.56173198,2018-11-22 03:50:24.000002816
737387.11,2.05,4.1050115,4.0138556,4.1803139,0.56720664,2018-11-23 02:38:23.999998790
737388.16,2.9,4.1114632,4.0203072,4.1867656,0.57454127,2018-11-24 03:50:24.000002816
737391.31,2.46,4.0985385,4.0073825,4.1738409,0.58118346,2018-11-27 07:26:24.000004829
737392.48,3.05,4.1078936,4.0167377,4.183196,0.58541205,2018-11-28 11:31:11.999998392
737394.02,2.37,4.1050096,4.0138537,4.180312,0.58963479,2018-11-30 00:28:48.000001607
737398.03,2.16,4.0855978,3.9944418,4.1609002,0.59228676,2018-12-04 00:43:12.000002410
737399.99,1.94,4.0750505,3.9838945,4.1503529,0.59147213,2018-12-05 23:45:35.999999196
737400.1,2.53,4.0816553,3.9904994,4.1569577,0.59235607,2018-12-06 02:23:59.999997986
737400.63,1.53,4.082592,3.9914361,4.1578944,0.59059558,2018-12-06 15:07:12.000000406
737400.89,2.13,4.0855934,3.9944374,4.1608958,0.59231025,2018-12-06 21:21:36.000001209
737401.33,1.94,4.0868753,3.9957194,4.1621777,0.59241771,2018-12-07 07:55:11.999996379
737401.63,2.99,4.1086297,4.0174737,4.1839321,0.59273299,2018-12-07 15:07:12.000000406
737401.78,2.37,4.1162834,4.0251274,4.1915858,0.59677172,2018-12-07 18:43:12.000002410
737402.03,1.53,4.1171332,4.0259772,4.1924355,0.60042043,2018-12-08 00:43:12.000002410
737402.06,1.6,4.1188136,4.0276576,4.194116,0.6017434,2018-12-08 01:26:24.000004829
737402.22,2.16,4.122036,4.03088,4.1973384,0.60133052,2018-12-08 05:16:47.999997589
737402.25,2.13,4.1248691,4.0337132,4.2001715,0.60543023,2018-12-08 06:00:00.000000000
737402.65,2.09,4.1265196,4.0353636,4.201822,0.60688248,2018-12-08 15:36:00.000002013
737404.43,2.13,4.1198532,4.0286972,4.1951556,0.60941877,2018-12-10 10:19:12.000004423
737404.53,1.84,4.1220821,4.0309262,4.1973845,0.61160536,2018-12-10 12:43:12.000002410
737404.66,2.0,4.1251932,4.0340373,4.2004956,0.6122945,2018-12-10 15:50:24.000002816
737404.75,1.84,4.1261767,4.0350208,4.2014791,0.61294362,2018-12-10 18:00:00.000000000
737405.63,1.63,4.1223819,4.0312259,4.1976843,0.60919576,2018-12-11 15:07:12.000000406
737405.65,2.58,4.1287766,4.0376207,4.204079,0.60998757,2018-12-11 15:36:00.000002013
737405.74,1.53,4.129691,4.0385351,4.2049934,0.61417224,2018-12-11 17:45:35.999999196
737405.81,2.16,4.1342027,4.0430467,4.2095051,0.61647041,2018-12-11 19:26:24.000004829
737406.53,2.13,4.1332639,4.0421079,4.2085663,0.61336249,2018-12-12 12:43:12.000002410
737407.08,2.13,4.1324669,4.041311,4.2077693,0.61244021,2018-12-13 01:55:11.999996379
737407.32,1.63,4.1318664,4.0407104,4.2071688,0.60927084,2018-12-13 07:40:47.999995576
737407.55,1.63,4.1316561,4.0405002,4.2069585,0.60636326,2018-12-13 13:12:00.000004026
737408.08,1.94,4.131108,4.0399521,4.2064104,0.60548914,2018-12-14 01:55:11.999996379
737408.14,1.53,4.142342,4.0511861,4.2176444,0.60712327,2018-12-14 03:21:36.000001209
737408.15,2.53,4.1504856,4.0593297,4.225788,0.61138906,2018-12-14 03:36:00.000002013
737408.39,1.94,4.1522396,4.0610837,4.227542,0.61181395,2018-12-14 09:21:36.000001209
737408.64,1.53,4.1527544,4.0615985,4.2280568,0.61596059,2018-12-14 15:21:36.000001209
737408.67,1.63,4.1542076,4.0630517,4.22951,0.61326858,2018-12-14 16:04:48.000003620
737408.93,1.6,4.1528338,4.0616778,4.2281362,0.60763514,2018-12-14 22:19:12.000004423
737408.94,1.53,4.1547055,4.0635496,4.2300079,0.61319452,2018-12-14 22:33:35.999995170
737409.59,1.53,4.1533738,4.0622179,4.2286762,0.61634126,2018-12-15 14:09:35.999997183
737409.7,1.94,4.154731,4.0635751,4.2300334,0.61793651,2018-12-15 16:47:59.999995973
737409.85,1.57,4.1548934,4.0637375,4.2301958,0.61796142,2018-12-15 20:23:59.999997986
737410.1,1.94,4.1573228,4.0661668,4.2326251,0.61578158,2018-12-16 02:23:59.999997986
737411.53,1.63,4.1532427,4.0620868,4.2285451,0.61684023,2018-12-17 12:43:12.000002410
737411.67,1.94,4.1564126,4.0652567,4.231715,0.61926143,2018-12-17 16:04:48.000003620
737412.03,2.69,4.1619492,4.0707933,4.2372516,0.61846923,2018-12-18 00:43:12.000002410
737415.35,2.0,4.1460547,4.0548987,4.2213571,0.62112656,2018-12-21 08:23:59.999997986
737416.61,1.63,4.1460543,4.0548984,4.2213567,0.61692964,2018-12-22 14:38:23.999998790
737421.23,1.84,4.1307653,4.0396094,4.2060677,0.61690772,2018-12-27 05:31:11.999998392
737448.45,1.84,4.0028287,3.9116728,4.0781311,0.62095873,2019-01-23 10:47:59.999995973
737449.87,1.84,3.9994729,3.908317,4.0747753,0.62113816,2019-01-24 20:52:47.999999593
737449.95,1.63,4.0015552,3.9103993,4.0768576,0.62075209,2019-01-24 22:47:59.999995973
737451.25,1.84,3.9980915,3.9069356,4.0733939,0.61746724,2019-01-26 06:00:00.000000000
737453.41,1.57,3.9886069,3.897451,4.0639093,0.61965053,2019-01-28 09:50:24.000002816
737454.25,1.57,3.9917203,3.9005644,4.0670227,0.61720028,2019-01-29 06:00:00.000000000
737456.52,2.16,3.9855753,3.8944194,4.0608777,0.61998389,2019-01-31 12:28:48.000001607
737465.36,1.6,3.9648986,3.8737427,4.040201,0.62236021,2019-02-09 08:38:23.999998790
737469.57,1.57,3.9523207,3.8611648,4.0276231,0.62800805,2019-02-13 13:40:47.999995576
737471.57,1.6,3.9476102,3.8564543,4.0229126,0.62988388,2019-02-15 13:40:47.999995576
737471.88,2.0,3.9482747,3.8571187,4.0235771,0.62991198,2019-02-15 21:07:12.000000406
737472.61,1.63,3.9484381,3.8572822,4.0237405,0.63095114,2019-02-16 14:38:23.999998790
737474.63,1.63,3.9431067,3.8519507,4.0184091,0.62962216,2019-02-18 15:07:12.000000406
737474.97,1.53,3.9448753,3.8537194,4.0201777,0.63218624,2019-02-18 23:16:47.999997589
737476.33,1.6,3.9277621,3.8366062,4.0030645,0.63070397,2019-02-20 07:55:11.999996379
737476.75,1.53,3.9263636,3.8352077,4.001666,0.63437926,2019-02-20 18:00:00.000000000
737477.43,1.6,3.9248747,3.8337188,4.0001771,0.63496198,2019-02-21 10:19:12.000004423
737478.08,1.57,3.9269529,3.835797,4.0022553,0.63551343,2019-02-22 01:55:11.999996379
737479.01,1.84,3.9262786,3.8351227,4.001581,0.63542292,2019-02-23 00:14:24.000000803
737481.58,1.84,3.918198,3.827042,3.9935004,0.63597025,2019-02-25 13:55:11.999996379
737482.96,1.6,3.9123001,3.8211442,3.9876025,0.63649001,2019-02-26 23:02:23.999996777
737485.54,1.63,3.9043792,3.8132233,3.9796816,0.63832751,2019-03-01 12:57:36.000003222
737486.01,1.53,3.9027124,3.8115565,3.9780148,0.64182663,2019-03-02 00:14:24.000000803
737491.39,1.94,3.8878854,3.7967295,3.9631878,0.6444616,2019-03-07 09:21:36.000001209
737503.77,1.94,3.849945,3.7587891,3.9252474,0.6482753,2019-03-19 18:28:48.000001607
737505.83,1.63,3.8451043,3.7539483,3.9204067,0.64996431,2019-03-21 19:55:11.999996379
737507.51,1.63,3.839542,3.7483861,3.9148444,0.65168352,2019-03-23 12:14:24.000000803
737510.17,1.53,3.8308476,3.7396916,3.90615,0.65641898,2019-03-26 04:04:48.000003620
737511.37,1.53,3.8322442,3.7410883,3.9075466,0.65753408,2019-03-27 08:52:47.999999593
737512.23,1.57,3.827157,3.7360011,3.9024594,0.65580693,2019-03-28 05:31:11.999998392
737523.31,1.53,3.7949738,3.7038179,3.8702762,0.66113869,2019-04-08 07:26:24.000004829
737523.83,1.53,3.7944433,3.7032874,3.8697457,0.66146329,2019-04-08 19:55:11.999996379
737525.1,1.57,3.7956341,3.7044782,3.8709365,0.66268406,2019-04-10 02:23:59.999997986
737526.91,1.57,3.8023201,3.7111641,3.8776225,0.66551388,2019-04-11 21:50:24.000002816
737527.12,2.09,3.8118948,3.7207389,3.8871972,0.66628628,2019-04-12 02:52:47.999999593
737527.56,1.57,3.8097208,3.7185649,3.8850232,0.66624563,2019-04-12 13:26:24.000004829
737527.8,1.63,3.8094063,3.7182504,3.8847087,0.66749478,2019-04-12 19:12:00.000004026
737528.16,1.63,3.8136859,3.72253,3.8889883,0.66558547,2019-04-13 03:50:24.000002816
737528.33,1.6,3.8157347,3.7245787,3.8910371,0.66727018,2019-04-13 07:55:11.999996379
737530.34,2.09,3.8112181,3.7200621,3.8865205,0.67089797,2019-04-15 08:09:35.999997183
737531.13,1.57,3.8092651,3.7181091,3.8845675,0.67350152,2019-04-16 03:07:12.000000406
737531.61,1.63,3.7945875,3.7034316,3.8698899,0.67027381,2019-04-16 14:38:23.999998790
737531.75,1.57,3.7992039,3.708048,3.8745063,0.67182497,2019-04-16 18:00:00.000000000
737531.82,2.09,3.8018036,3.7106477,3.877106,0.67307732,2019-04-16 19:40:47.999995576
737532.64,2.05,3.8056359,3.71448,3.8809383,0.67112572,2019-04-17 15:21:36.000001209
737533.84,2.16,3.8054641,3.7143082,3.8807665,0.67084891,2019-04-18 20:09:35.999997183
737535.22,1.63,3.802372,3.7112161,3.8776744,0.67173223,2019-04-20 05:16:47.999997589
737538.46,2.13,3.7992848,3.7081288,3.8745872,0.6717183,2019-04-23 11:02:23.999996777
737539.47,2.16,3.7949651,3.7038092,3.8702675,0.6671627,2019-04-24 11:16:47.999997589
737540.37,1.94,3.7922758,3.7011199,3.8675782,0.66366279,2019-04-25 08:52:47.999999593
737540.95,2.13,3.7985465,3.7073906,3.8738489,0.66166945,2019-04-25 22:47:59.999995973
737541.61,1.84,3.798049,3.706893,3.8733514,0.65482071,2019-04-26 14:38:23.999998790
737541.89,2.09,3.8001868,3.7090309,3.8754892,0.65044465,2019-04-26 21:21:36.000001209
737542.39,1.63,3.7915963,3.7004404,3.8668987,0.64344434,2019-04-27 09:21:36.000001209
737543.24,2.13,3.7955673,3.7044114,3.8708697,0.64026088,2019-04-28 05:45:35.999999196
737544.77,2.05,3.7835307,3.6923748,3.8588331,0.64088378,2019-04-29 18:28:48.000001607
737544.98,1.63,3.7830287,3.6918728,3.8583311,0.63942937,2019-04-29 23:31:11.999998392
737545.25,1.94,3.7925986,3.7014426,3.867901,0.63686469,2019-04-30 06:00:00.000000000
737545.45,1.6,3.7963091,3.7051532,3.8716115,0.63826073,2019-04-30 10:47:59.999995973
737545.86,1.63,3.7895005,3.6983446,3.8648029,0.63469239,2019-04-30 20:38:23.999998790
737546.39,2.16,3.7925891,3.7014332,3.8678915,0.6325314,2019-05-01 09:21:36.000001209
737550.82,1.84,3.7787063,3.6875504,3.8540087,0.63317294,2019-05-05 19:40:47.999995576
737552.03,2.05,3.7770878,3.6859319,3.8523902,0.63464699,2019-05-07 00:43:12.000002410
737552.92,1.84,3.7637863,3.6726304,3.8390887,0.6326435,2019-05-07 22:04:48.000003620
737553.85,1.84,3.75791,3.6667541,3.8332124,0.62975111,2019-05-08 20:23:59.999997986
737554.75,1.63,3.756443,3.6652871,3.8317454,0.6250919,2019-05-09 18:00:00.000000000
737555.91,1.53,3.7530035,3.6618476,3.8283059,0.62331058,2019-05-10 21:50:24.000002816
737556.46,1.84,3.7499611,3.6588052,3.8252635,0.61700231,2019-05-11 11:02:23.999996777
737558.48,1.53,3.7413569,3.650201,3.8166593,0.61501962,2019-05-13 11:31:11.999998392
737559.14,1.6,3.7381393,3.6469834,3.8134417,0.61447423,2019-05-14 03:21:36.000001209
737562.53,1.94,3.7324911,3.6413352,3.8077935,0.61508723,2019-05-17 12:43:12.000002410
737562.62,1.57,3.7313379,3.640182,3.8066403,0.6166301,2019-05-17 14:52:47.999999593
737563.32,1.63,3.727937,3.6367811,3.8032394,0.61345771,2019-05-18 07:40:47.999995576
737563.78,1.53,3.7255884,3.6344325,3.8008908,0.61348778,2019-05-18 18:43:12.000002410
737565.67,1.6,3.7227469,3.6315909,3.7980492,0.61613468,2019-05-20 16:04:48.000003620
737575.45,1.6,3.6899022,3.5987463,3.7652046,0.61249892,2019-05-30 10:47:59.999995973
737577.08,1.68,3.6865969,3.5954409,3.7618992,0.6095827,2019-06-01 01:55:11.999996379
737580.75,1.6,3.6744505,3.5832945,3.7497528,0.60510214,2019-06-04 18:00:00.000000000
737582.66,1.57,3.6684914,3.5773355,3.7437938,0.60476553,2019-06-06 15:50:24.000002816
737587.71,1.68,3.6549468,3.5637908,3.7302492,0.60595633,2019-06-11 17:02:23.999996777
737587.91,1.53,3.6546282,3.5634722,3.7299306,0.60963201,2019-06-11 21:50:24.000002816
737588.72,1.63,3.6532588,3.5621029,3.7285612,0.60896288,2019-06-12 17:16:47.999997589
737592.34,1.53,3.6439518,3.5527959,3.7192542,0.61380843,2019-06-16 08:09:35.999997183
737602.62,1.57,3.620671,3.5295151,3.6959734,0.61121587,2019-06-26 14:52:47.999999593
737604.62,1.63,3.609606,3.5184501,3.6849084,0.60495528,2019-06-28 14:52:47.999999593
737607.84,1.53,3.6010501,3.5098942,3.6763525,0.60503775,2019-07-01 20:09:35.999997183
737608.98,1.57,3.5993083,3.5081524,3.6746107,0.60255821,2019-07-02 23:31:11.999998392
737610.91,1.63,3.5951912,3.5040353,3.6704936,0.59829049,2019-07-04 21:50:24.000002816
737611.64,1.6,3.594181,3.5030251,3.6694834,0.59771706,2019-07-05 15:21:36.000001209
737614.14,1.57,3.5890201,3.4978642,3.6643225,0.59310646,2019-07-08 03:21:36.000001209
737614.88,1.57,3.5890153,3.4978594,3.6643177,0.58994696,2019-07-08 21:07:12.000000406
737615.77,1.63,3.585772,3.4946161,3.6610744,0.58424542,2019-07-09 18:28:48.000001607
737617.62,1.57,3.5821944,3.4910385,3.6574968,0.58221949,2019-07-11 14:52:47.999999593
737618.18,1.6,3.5798223,3.4886664,3.6551247,0.57948758,2019-07-12 04:19:12.000004423
737618.85,1.57,3.5811666,3.4900106,3.6564689,0.58102299,2019-07-12 20:23:59.999997986
737622.21,1.68,3.5730884,3.4819325,3.6483908,0.57564103,2019-07-16 05:02:23.999996777
737623.12,1.53,3.5624991,3.4713432,3.6378015,0.57275801,2019-07-17 02:52:47.999999593
737624.57,1.63,3.5643545,3.4731986,3.6396569,0.57140625,2019-07-18 13:40:47.999995576
737624.86,1.53,3.5659402,3.4747843,3.6412426,0.57699481,2019-07-18 20:38:23.999998790
737626.15,1.6,3.5717595,3.4806035,3.6470619,0.57657337,2019-07-20 03:36:00.000002013
737626.77,1.57,3.6308329,3.5396769,3.7061353,0.57415409,2019-07-20 18:28:48.000001607
737628.55,1.63,3.6289078,3.5377518,3.7042102,0.57502249,2019-07-22 13:12:00.000004026
737629.94,1.6,3.6255937,3.5344378,3.7008961,0.56989042,2019-07-23 22:33:35.999995170
737631.07,1.57,3.6246758,3.5335199,3.6999782,0.57004388,2019-07-25 01:40:47.999995576
737633.08,1.53,3.6248843,3.5337283,3.7001867,0.57190907,2019-07-27 01:55:11.999996379
737636.23,1.53,3.6191694,3.5280135,3.6944718,0.57169904,2019-07-30 05:31:11.999998392
737636.88,1.53,3.619334,3.528178,3.6946364,0.56870436,2019-07-30 21:07:12.000000406
737637.17,1.63,3.6405701,3.5494142,3.7158725,0.57035569,2019-07-31 04:04:48.000003620
737637.5,1.57,3.6504875,3.5593316,3.7257899,0.56796512,2019-07-31 12:00:00.000000000
737637.99,1.63,3.6545415,3.5633856,3.7298439,0.56681059,2019-07-31 23:45:35.999999196
737638.25,1.6,3.6524574,3.5613015,3.7277598,0.56216923,2019-08-01 06:00:00.000000000
737638.88,1.53,3.6522763,3.5611203,3.7275787,0.56147875,2019-08-01 21:07:12.000000406
737639.12,1.6,3.6568427,3.5656867,3.7321451,0.56314175,2019-08-02 02:52:47.999999593
737639.12,1.6,3.6568427,3.5656867,3.7321451,0.57054972,2019-08-02 02:52:47.999999593
737639.12,1.53,3.6577248,3.5665689,3.7330272,0.56314175,2019-08-02 02:52:47.999999593
737639.12,1.53,3.6577248,3.5665689,3.7330272,0.57054972,2019-08-02 02:52:47.999999593
737639.93,1.57,3.6590379,3.567882,3.7343403,0.5722463,2019-08-02 22:19:12.000004423
737642.25,1.53,3.6540213,3.5628654,3.7293237,0.57137728,2019-08-05 06:00:00.000000000
737644.13,1.57,3.6507579,3.559602,3.7260603,0.57326812,2019-08-07 03:07:12.000000406
737644.43,1.63,3.6519412,3.5607852,3.7272436,0.57405885,2019-08-07 10:19:12.000004423
737646.36,1.6,3.6481307,3.5569748,3.7234331,0.57430814,2019-08-09 08:38:23.999998790
737647.56,1.84,3.6516803,3.5605243,3.7269827,0.57505731,2019-08-10 13:26:24.000004829
737650.77,1.6,3.6469135,3.5557576,3.7222159,0.57439005,2019-08-13 18:28:48.000001607
737650.83,1.6,3.6533783,3.5622224,3.7286807,0.57990584,2019-08-13 19:55:11.999996379
737651.61,1.53,3.6525517,3.5613957,3.727854,0.57775006,2019-08-14 14:38:23.999998790
737651.89,1.53,3.6640239,3.572868,3.7393263,0.57917671,2019-08-14 21:21:36.000001209
737657.67,1.63,3.6805508,3.5893948,3.7558532,0.57580487,2019-08-20 16:04:48.000003620
737660.42,1.84,3.6796851,3.5885292,3.7549875,0.57717677,2019-08-23 10:04:48.000003620
737667.83,1.94,3.6655767,3.5744207,3.7408791,0.57973243,2019-08-30 19:55:11.999996379
737673.99,2.0,3.6587413,3.5675854,3.7340437,0.58186591,2019-09-05 23:45:35.999999196
737701.77,1.53,3.5934401,3.5022842,3.6687425,0.58464856,2019-10-03 18:28:48.000001607
737703.43,1.53,3.5914557,3.5002998,3.6667581,0.58577651,2019-10-05 10:19:12.000004423
737706.14,1.6,3.6111946,3.5200387,3.686497,0.58301015,2019-10-08 03:21:36.000001209
737707.22,2.09,3.6130304,3.5218744,3.6883327,0.58498385,2019-10-09 05:16:47.999997589
737708.49,2.37,3.6185334,3.5273775,3.6938358,0.58962583,2019-10-10 11:45:35.999999196
737710.14,1.57,3.618916,3.5277601,3.6942184,0.58913868,2019-10-12 03:21:36.000001209
737713.55,1.53,3.6082708,3.5171148,3.6835732,0.58586527,2019-10-15 13:12:00.000004026
737713.74,1.53,3.6086694,3.5175135,3.6839718,0.59063626,2019-10-15 17:45:35.999999196
737716.91,1.53,3.6014673,3.5103114,3.6767697,0.58971689,2019-10-18 21:50:24.000002816
737717.13,1.57,3.6015202,3.5103643,3.6768226,0.59111445,2019-10-19 03:07:12.000000406
737719.18,1.57,3.597094,3.505938,3.6723964,0.59014322,2019-10-21 04:19:12.000004423
737719.66,1.53,3.5974174,3.5062614,3.6727198,0.58872356,2019-10-21 15:50:24.000002816
737721.08,1.6,3.5961014,3.5049455,3.6714038,0.58639859,2019-10-23 01:55:11.999996379
737721.13,1.53,3.5966777,3.5055218,3.6719801,0.59073343,2019-10-23 03:07:12.000000406
737721.48,1.6,3.5963314,3.5051754,3.6716338,0.58904641,2019-10-23 11:31:11.999998392
737721.58,1.57,3.5932388,3.5020829,3.6685412,0.58623548,2019-10-23 13:55:11.999996379
737721.61,1.53,3.5921512,3.5009953,3.6674536,0.5909027,2019-10-23 14:38:23.999998790
737721.7,1.63,3.5913253,3.5001693,3.6666277,0.58967065,2019-10-23 16:47:59.999995973
737722.39,1.63,3.5929289,3.501773,3.6682313,0.59002004,2019-10-24 09:21:36.000001209
737722.66,1.6,3.5965893,3.5054334,3.6718917,0.58667298,2019-10-24 15:50:24.000002816
737722.77,1.63,3.5952911,3.5041351,3.6705935,0.58614044,2019-10-24 18:28:48.000001607
737723.08,1.63,3.5949475,3.5037916,3.6702499,0.58473147,2019-10-25 01:55:11.999996379
737723.2,1.6,3.5926963,3.5015403,3.6679987,0.58356092,2019-10-25 04:47:59.999995973
737723.86,1.63,3.5915791,3.5004232,3.6668815,0.58346166,2019-10-25 20:38:23.999998790
737724.55,1.63,3.5876876,3.4965317,3.66299,0.57865143,2019-10-26 13:12:00.000004026
737726.65,1.53,3.583454,3.4922981,3.6587564,0.58034628,2019-10-28 15:36:00.000002013
737727.57,1.53,3.57956,3.488404,3.6548624,0.5789143,2019-10-29 13:40:47.999995576
737736.9,1.94,3.5607441,3.4695882,3.6360465,0.5767408,2019-11-07 21:36:00.000002013
737736.92,1.63,3.5611721,3.4700162,3.6364745,0.58275921,2019-11-07 22:04:48.000003620
737737.04,1.63,3.5597102,3.4685542,3.6350126,0.5849382,2019-11-08 00:57:36.000003222
737737.73,1.53,3.5582835,3.4671275,3.6335859,0.58284359,2019-11-08 17:31:11.999998392
737737.95,1.53,3.5582421,3.4670862,3.6335445,0.58522606,2019-11-08 22:47:59.999995973
737741.59,1.84,3.5488742,3.4577182,3.6241765,0.58673257,2019-11-12 14:09:35.999997183
737742.0,1.57,3.5564572,3.4653013,3.6317596,0.58462482,2019-11-13 00:00:00.000000000
737742.89,1.63,3.5545014,3.4633455,3.6298038,0.58233957,2019-11-13 21:21:36.000001209
737743.17,1.53,3.5542418,3.4630858,3.6295442,0.58607432,2019-11-14 04:04:48.000003620
737743.48,1.53,3.5540172,3.4628613,3.6293196,0.58456473,2019-11-14 11:31:11.999998392
737743.57,1.6,3.5557312,3.4645753,3.6310336,0.59033624,2019-11-14 13:40:47.999995576
737744.05,1.53,3.5572893,3.4661334,3.6325917,0.58847601,2019-11-15 01:12:00.000004026
737744.15,2.09,3.5601583,3.4690024,3.6354607,0.59624391,2019-11-15 03:36:00.000002013
737744.77,1.6,3.5637499,3.472594,3.6390523,0.59521571,2019-11-15 18:28:48.000001607
737744.81,1.63,3.5653359,3.4741799,3.6406382,0.60063239,2019-11-15 19:26:24.000004829
737745.11,1.53,3.5702977,3.4791418,3.6456001,0.60122577,2019-11-16 02:38:23.999998790
737745.39,1.57,3.5698431,3.4786872,3.6451455,0.60186634,2019-11-16 09:21:36.000001209
737745.53,1.63,3.5711775,3.4800215,3.6464799,0.60276425,2019-11-16 12:43:12.000002410
737747.96,1.63,3.5669789,3.475823,3.6422813,0.60272435,2019-11-18 23:02:23.999996777
737748.7,1.57,3.569548,3.4783921,3.6448504,0.60580803,2019-11-19 16:47:59.999995973
737749.69,1.63,3.5910974,3.4999414,3.6663998,0.60837806,2019-11-20 16:33:35.999995170
737749.95,1.57,3.5939551,3.5027991,3.6692575,0.61061653,2019-11-20 22:47:59.999995973
737750.54,1.53,3.60143,3.5102741,3.6767324,0.61331624,2019-11-21 12:57:36.000003222
737751.11,1.53,3.6047024,3.5135465,3.6800048,0.61654765,2019-11-22 02:38:23.999998790
737751.39,1.53,3.6164389,3.525283,3.6917413,0.61441902,2019-11-22 09:21:36.000001209
737751.67,1.53,3.6162569,3.5251009,3.6915593,0.61668673,2019-11-22 16:04:48.000003620
737751.87,1.63,3.6178432,3.5266873,3.6931456,0.62167594,2019-11-22 20:52:47.999999593
737752.29,1.53,3.6264452,3.5352892,3.7017476,0.62234827,2019-11-23 06:57:36.000003222
737754.69,1.53,3.6482118,3.5570559,3.7235142,0.62139863,2019-11-25 16:33:35.999995170
737755.54,1.63,3.6514928,3.5603368,3.7267952,0.62150689,2019-11-26 12:57:36.000003222
737755.59,1.53,3.6607368,3.5695808,3.7360392,0.62348137,2019-11-26 14:09:35.999997183
737756.03,1.63,3.6630809,3.571925,3.7383833,0.62348322,2019-11-27 00:43:12.000002410
737757.46,1.63,3.6645638,3.5734079,3.7398662,0.62465791,2019-11-28 11:02:23.999996777
737758.4,2.16,3.667722,3.576566,3.7430244,0.62844772,2019-11-29 09:36:00.000002013
737758.53,1.63,3.6751099,3.5839539,3.7504123,0.63028283,2019-11-29 12:43:12.000002410
737758.76,1.6,3.67676,3.5856041,3.7520624,0.63402499,2019-11-29 18:14:24.000000803
737761.64,2.09,3.6737983,3.5826423,3.7491007,0.64022418,2019-12-02 15:21:36.000001209
737761.78,1.57,3.6789198,3.5877639,3.7542222,0.64215649,2019-12-02 18:43:12.000002410
737762.79,1.94,3.6795555,3.5883995,3.7548579,0.64581599,2019-12-03 18:57:36.000003222
737764.68,1.84,3.6773507,3.5861948,3.7526531,0.64995443,2019-12-05 16:19:12.000004423
737765.32,1.63,3.6852773,3.5941213,3.7605797,0.65009332,2019-12-06 07:40:47.999995576
737766.07,1.53,3.6857789,3.5946229,3.7610813,0.6516354,2019-12-07 01:40:47.999995576
737768.6,1.6,3.6823539,3.591198,3.7576563,0.65084253,2019-12-09 14:23:59.999997986
737768.83,1.6,3.6828698,3.5917139,3.7581722,0.65020804,2019-12-09 19:55:11.999996379
737769.06,1.57,3.685922,3.594766,3.7612244,0.65039124,2019-12-10 01:26:24.000004829
737769.56,1.6,3.6864153,3.5952594,3.7617177,0.65230096,2019-12-10 13:26:24.000004829
737769.78,1.53,3.6907243,3.5995684,3.7660267,0.65401855,2019-12-10 18:43:12.000002410
737770.16,1.63,3.6939882,3.6028322,3.7692906,0.65324584,2019-12-11 03:50:24.000002816
737771.21,1.6,3.6943982,3.6032423,3.7697006,0.65451091,2019-12-12 05:02:23.999996777
737771.72,1.57,3.699221,3.6080651,3.7745234,0.65462873,2019-12-12 17:16:47.999997589
737772.11,2.13,3.7117253,3.6205693,3.7870277,0.65660355,2019-12-13 02:38:23.999998790
737772.11,2.13,3.7117253,3.6205693,3.7870277,0.66018452,2019-12-13 02:38:23.999998790
737772.11,1.53,3.7138073,3.6226514,3.7891097,0.65660355,2019-12-13 02:38:23.999998790
737772.11,1.53,3.7138073,3.6226514,3.7891097,0.66018452,2019-12-13 02:38:23.999998790
737773.49,1.63,3.7103106,3.6191547,3.785613,0.66185136,2019-12-14 11:45:35.999999196
737773.54,2.0,3.7137256,3.6225697,3.789028,0.66857085,2019-12-14 12:57:36.000003222
737774.75,2.66,3.7208288,3.6296728,3.7961312,0.67639601,2019-12-15 18:00:00.000000000
737775.33,1.63,3.7199387,3.6287828,3.7952411,0.6785585,2019-12-16 07:55:11.999996379
737775.41,1.63,3.7221445,3.6309885,3.7974469,0.68043973,2019-12-16 09:50:24.000002816
737775.54,1.57,3.7223685,3.6312125,3.7976709,0.68237678,2019-12-16 12:57:36.000003222
737778.62,1.63,3.7131058,3.6219499,3.7884082,0.67975278,2019-12-19 14:52:47.999999593
737778.84,1.53,3.7148138,3.6236579,3.7901162,0.68259257,2019-12-19 20:09:35.999997183
737779.05,1.53,3.7214319,3.6302759,3.7967343,0.68366491,2019-12-20 01:12:00.000004026
737780.46,1.53,3.7227628,3.6316069,3.7980652,0.68603662,2019-12-21 11:02:23.999996777
737780.75,1.94,3.7245468,3.6333909,3.7998492,0.68983176,2019-12-21 18:00:00.000000000
737781.25,1.53,3.7288297,3.6376738,3.8041321,0.68970316,2019-12-22 06:00:00.000000000
737782.45,1.63,3.7277219,3.6365659,3.8030243,0.69067097,2019-12-23 10:47:59.999995973
737782.62,1.57,3.7374966,3.6463407,3.812799,0.69111718,2019-12-23 14:52:47.999999593
737783.17,1.57,3.7357188,3.6445628,3.8110212,0.68889031,2019-12-24 04:04:48.000003620
737783.73,2.09,3.7397391,3.6485832,3.8150415,0.69240985,2019-12-24 17:31:11.999998392
737783.76,1.57,3.7407203,3.6495644,3.8160227,0.69438656,2019-12-24 18:14:24.000000803
737783.81,1.57,3.7597466,3.6685906,3.835049,0.69461235,2019-12-24 19:26:24.000004829
737786.89,1.6,3.7573625,3.6662066,3.8326649,0.69515911,2019-12-27 21:21:36.000001209
737787.05,1.94,3.7829848,3.6918289,3.8582872,0.69270116,2019-12-28 01:12:00.000004026
737787.06,1.53,3.8033639,3.712208,3.8786663,0.68940864,2019-12-28 01:26:24.000004829
737792.83,1.57,3.8975827,3.8064268,3.9728851,0.68955589,2020-01-02 19:55:11.999996379
737792.92,1.57,3.9053061,3.8141502,3.9806085,0.69049269,2020-01-02 22:04:48.000003620
737793.56,1.53,3.9151711,3.8240151,3.9904735,0.68624495,2020-01-03 13:26:24.000004829
737793.85,1.6,3.9161082,3.8249523,3.9914106,0.68245223,2020-01-03 20:23:59.999997986
737793.96,1.84,3.9174685,3.8263125,3.9927709,0.68055174,2020-01-03 23:02:23.999996777
737794.03,2.13,3.9291405,3.8379846,4.0044429,0.68557445,2020-01-04 00:43:12.000002410
737796.07,1.53,3.9362463,3.8450904,4.0115487,0.68599191,2020-01-06 01:40:47.999995576
737797.17,1.84,3.933078,3.8419221,4.0083804,0.68471081,2020-01-07 04:04:48.000003620
737797.17,1.84,3.933078,3.8419221,4.0083804,0.68382759,2020-01-07 04:04:48.000003620
737797.17,1.63,3.9503276,3.8591717,4.02563,0.68471081,2020-01-07 04:04:48.000003620
737797.17,1.63,3.9503276,3.8591717,4.02563,0.68382759,2020-01-07 04:04:48.000003620
737797.53,1.63,3.9499069,3.8587509,4.0252092,0.68214274,2020-01-07 12:43:12.000002410
737797.74,1.63,3.9602373,3.8690814,4.0355397,0.67589771,2020-01-07 17:45:35.999999196
737798.09,1.6,3.9612463,3.8700903,4.0365487,0.67150758,2020-01-08 02:09:35.999997183
737798.28,1.63,3.9682568,3.8771009,4.0435592,0.67076017,2020-01-08 06:43:12.000002410
737798.51,1.6,3.9675012,3.8763452,4.0428036,0.66760846,2020-01-08 12:14:24.000000803
737798.73,1.63,3.9683669,3.877211,4.0436693,0.66351195,2020-01-08 17:31:11.999998392
737798.91,1.63,3.9682286,3.8770727,4.043531,0.6611399,2020-01-08 21:50:24.000002816
737799.06,1.6,3.9678408,3.8766849,4.0431432,0.65750607,2020-01-09 01:26:24.000004829
737799.06,1.6,3.9678408,3.8766849,4.0431432,0.65879058,2020-01-09 01:26:24.000004829
737799.06,1.57,3.9680959,3.8769399,4.0433983,0.65750607,2020-01-09 01:26:24.000004829
737799.06,1.57,3.9680959,3.8769399,4.0433983,0.65879058,2020-01-09 01:26:24.000004829
737799.11,1.6,3.9715504,3.8803945,4.0468528,0.65892459,2020-01-09 02:38:23.999998790
737799.47,1.57,3.9709342,3.8797782,4.0462366,0.65792638,2020-01-09 11:16:47.999997589
737799.59,2.13,3.97408,3.8829241,4.0493824,0.66052879,2020-01-09 14:09:35.999997183
737799.6,1.6,3.9756091,3.8844532,4.0509115,0.66104365,2020-01-09 14:23:59.999997986
737799.66,1.63,3.9760533,3.8848974,4.0513557,0.66003755,2020-01-09 15:50:24.000002816
737799.87,1.84,3.9797468,3.8885909,4.0550492,0.65922283,2020-01-09 20:52:47.999999593
737800.04,1.63,3.9826995,3.8915436,4.0580019,0.66257403,2020-01-10 00:57:36.000003222
737800.17,1.53,3.9941707,3.9030148,4.0694731,0.65939261,2020-01-10 04:04:48.000003620
737800.48,1.63,3.9982697,3.9071138,4.0735721,0.65312225,2020-01-10 11:31:11.999998392
737800.6,1.53,4.0547632,3.9636073,4.1300656,0.64948908,2020-01-10 14:23:59.999997986
737800.65,2.09,4.0573973,3.9662414,4.1326997,0.65320389,2020-01-10 15:36:00.000002013
737800.78,1.84,4.0583657,3.9672098,4.1336681,0.65712537,2020-01-10 18:43:12.000002410
737800.89,1.6,4.0627447,3.9715888,4.1380471,0.6538463,2020-01-10 21:21:36.000001209
737800.97,1.53,4.0636639,3.972508,4.1389663,0.65350347,2020-01-10 23:16:47.999997589
737801.33,1.63,4.0857884,3.9946325,4.1610908,0.64854133,2020-01-11 07:55:11.999996379
737801.38,1.63,4.0885966,3.9974406,4.163899,0.6464575,2020-01-11 09:07:12.000000406
737801.7,1.53,4.0924322,4.0012763,4.1677346,0.6461182,2020-01-11 16:47:59.999995973
737801.71,1.6,4.0947191,4.0035632,4.1700215,0.64736262,2020-01-11 17:02:23.999996777
737803.51,1.63,4.0842076,3.9930517,4.15951,0.64744032,2020-01-13 12:14:24.000000803
737803.68,1.63,4.0837738,3.9926179,4.1590762,0.64675055,2020-01-13 16:19:12.000004423
737804.27,1.53,4.0829843,3.9918284,4.1582867,0.64981943,2020-01-14 06:28:48.000001607
737804.87,1.57,4.0763063,3.9851503,4.1516087,0.64637459,2020-01-14 20:52:47.999999593
737804.99,1.84,4.0811121,3.9899561,4.1564145,0.64825121,2020-01-14 23:45:35.999999196
737805.59,1.53,4.0766796,3.9855237,4.151982,0.65157158,2020-01-15 14:09:35.999997183
737805.73,1.84,4.0793754,3.9882195,4.1546778,0.65195247,2020-01-15 17:31:11.999998392
737805.9,1.6,4.0803037,3.9891478,4.1556061,0.65386713,2020-01-15 21:36:00.000002013
737806.31,1.53,4.0779735,3.9868175,4.1532758,0.65458738,2020-01-16 07:26:24.000004829
737806.35,1.6,4.0952319,4.004076,4.1705343,0.65197631,2020-01-16 08:23:59.999997986
737806.38,1.84,4.1019003,4.0107444,4.1772027,0.65306196,2020-01-16 09:07:12.000000406
737808.27,1.53,4.0947159,4.00356,4.1700183,0.65671691,2020-01-18 06:28:48.000001607
737810.41,1.53,4.0808214,3.9896654,4.1561238,0.660717,2020-01-20 09:50:24.000002816
737811.1,1.57,4.0802766,3.9891206,4.155579,0.66005033,2020-01-21 02:23:59.999997986
737811.2,1.63,4.0840796,3.9929237,4.159382,0.65957687,2020-01-21 04:47:59.999995973
737811.63,1.53,4.0830531,3.9918972,4.1583555,0.66127619,2020-01-21 15:07:12.000000406
737811.72,2.0,4.0869476,3.9957917,4.16225,0.66473435,2020-01-21 17:16:47.999997589
737812.83,1.63,4.0804276,3.9892717,4.15573,0.66619594,2020-01-22 19:55:11.999996379
737813.05,2.53,4.0896003,3.9984444,4.1649027,0.66894427,2020-01-23 01:12:00.000004026
737814.47,1.63,4.0970896,4.0059336,4.1723919,0.66621338,2020-01-24 11:16:47.999997589
737817.45,1.94,4.0835676,3.9924117,4.15887,0.67017838,2020-01-27 10:47:59.999995973
737818.46,1.57,4.076998,3.9858421,4.1523004,0.66886376,2020-01-28 11:02:23.999996777
737818.54,1.57,4.079232,3.9880761,4.1545344,0.67033067,2020-01-28 12:57:36.000003222
737819.5,1.6,4.0824291,3.9912732,4.1577315,0.66426909,2020-01-29 12:00:00.000000000
737820.37,1.63,4.0796163,3.9884603,4.1549187,0.66478743,2020-01-30 08:52:47.999999593
737820.95,1.6,4.076268,3.9851121,4.1515704,0.66684342,2020-01-30 22:47:59.999995973
737821.74,1.84,4.0736551,3.9824991,4.1489575,0.67113059,2020-01-31 17:45:35.999999196
737821.87,2.37,4.0955346,4.0043787,4.170837,0.67132083,2020-01-31 20:52:47.999999593
737821.92,2.09,4.0992664,4.0081105,4.1745688,0.67388124,2020-01-31 22:04:48.000003620
737822.05,1.84,4.1049831,4.0138272,4.1802855,0.67105447,2020-02-01 01:12:00.000004026
737822.19,1.57,4.1167155,4.0255596,4.1920179,0.6649081,2020-02-01 04:33:35.999995170
737826.66,2.0,4.0907902,3.9996343,4.1660926,0.67095744,2020-02-05 15:50:24.000002816
737827.17,1.6,4.0927484,4.0015925,4.1680508,0.66802692,2020-02-06 04:04:48.000003620
737827.3,1.63,4.1102393,4.0190834,4.1855417,0.66547949,2020-02-06 07:12:00.000004026
737830.83,1.63,4.0866149,3.995459,4.1619173,0.66971521,2020-02-09 19:55:11.999996379
737831.83,1.84,4.0826624,3.9915064,4.1579648,0.67246565,2020-02-10 19:55:11.999996379
737831.83,1.84,4.0826624,3.9915064,4.1579648,0.67537084,2020-02-10 19:55:11.999996379
737831.83,1.57,4.0859596,3.9948037,4.161262,0.67246565,2020-02-10 19:55:11.999996379
737831.83,1.57,4.0859596,3.9948037,4.161262,0.67537084,2020-02-10 19:55:11.999996379
737832.84,2.58,4.088558,3.997402,4.1638604,0.67944948,2020-02-11 20:09:35.999997183
737833.0,2.05,4.0924187,4.0012627,4.1677211,0.68331685,2020-02-12 00:00:00.000000000
737834.12,1.63,4.092088,4.0009321,4.1673904,0.68449527,2020-02-13 02:52:47.999999593
737834.2,1.66,4.0954832,4.0043272,4.1707855,0.68686037,2020-02-13 04:47:59.999995973
737834.82,2.0,4.0929047,4.0017487,4.1682071,0.68666985,2020-02-13 19:40:47.999995576
737838.42,2.05,4.0714624,3.9803065,4.1467648,0.68887253,2020-02-17 10:04:48.000003620
737840.64,1.63,4.0659545,3.9747986,4.1412569,0.68982911,2020-02-19 15:21:36.000001209
737840.74,1.84,4.0646802,3.9735243,4.1399826,0.68833915,2020-02-19 17:45:35.999999196
737841.0,1.57,4.0619179,3.970762,4.1372203,0.68271266,2020-02-20 00:00:00.000000000
737841.13,1.57,4.0646355,3.9734795,4.1399379,0.68175578,2020-02-20 03:07:12.000000406
737841.74,1.57,4.0608994,3.9697435,4.1362018,0.68230226,2020-02-20 17:45:35.999999196
737841.89,1.57,4.0607635,3.9696076,4.1360659,0.68190143,2020-02-20 21:21:36.000001209
737842.1,1.63,4.0800083,3.9888524,4.1553107,0.67702721,2020-02-21 02:23:59.999997986
737842.57,2.13,4.08162,3.9904641,4.1569224,0.67726619,2020-02-21 13:40:47.999995576
737843.4,2.58,4.0853928,3.9942369,4.1606952,0.67842948,2020-02-22 09:36:00.000002013
737845.24,2.16,4.0860754,3.9949194,4.1613778,0.67843976,2020-02-24 05:45:35.999999196
737845.52,1.63,4.0845467,3.9933908,4.1598491,0.67549814,2020-02-24 12:28:48.000001607
737845.94,1.94,4.0870418,3.9958859,4.1623442,0.67318378,2020-02-24 22:33:35.999995170
737846.02,1.63,4.0946689,4.0035129,4.1699713,0.67017208,2020-02-25 00:28:48.000001607
737846.53,1.6,4.0924734,4.0013175,4.1677758,0.66779344,2020-02-25 12:43:12.000002410
737846.76,2.0,4.0968715,4.0057156,4.1721739,0.66831295,2020-02-25 18:14:24.000000803
737847.92,1.94,4.0917517,4.0005958,4.1670541,0.66750058,2020-02-26 22:04:48.000003620
737848.85,2.05,4.0882735,3.9971176,4.1635759,0.66748275,2020-02-27 20:23:59.999997986
737848.89,2.05,4.0909278,3.9997718,4.1662302,0.66657572,2020-02-27 21:21:36.000001209
737849.16,1.94,4.1118076,4.0206517,4.18711,0.66148907,2020-02-28 03:50:24.000002816
737849.54,1.57,4.1084491,4.0172932,4.1837515,0.66067992,2020-02-28 12:57:36.000003222
737852.43,2.0,4.0911933,4.0000374,4.1664957,0.66154909,2020-03-02 10:19:12.000004423
737852.64,1.94,4.1316361,4.0404802,4.2069385,0.65546576,2020-03-02 15:21:36.000001209
737852.94,1.84,4.1313291,4.0401731,4.2066314,0.6518401,2020-03-02 22:33:35.999995170
737853.56,1.53,4.1314619,4.040306,4.2067643,0.65146318,2020-03-03 13:26:24.000004829
737853.89,2.0,4.133244,4.0420881,4.2085464,0.65127133,2020-03-03 21:21:36.000001209
737854.25,1.63,4.130428,4.039272,4.2057304,0.64870041,2020-03-04 06:00:00.000000000
737854.89,1.57,4.1232446,4.0320886,4.198547,0.6460127,2020-03-04 21:21:36.000001209
737855.04,2.0,4.1393201,4.0481642,4.2146225,0.64137093,2020-03-05 00:57:36.000003222
737855.07,1.94,4.1478209,4.056665,4.2231233,0.64019629,2020-03-05 01:40:47.999995576
737855.84,1.94,4.1436662,4.0525103,4.2189686,0.64080935,2020-03-05 20:09:35.999997183
737856.56,1.94,4.1424723,4.0513164,4.2177747,0.64253679,2020-03-06 13:26:24.000004829
737856.92,1.84,4.142408,4.0512521,4.2177104,0.64417361,2020-03-06 22:04:48.000003620
737856.96,2.0,4.1466665,4.0555106,4.2219689,0.64565122,2020-03-06 23:02:23.999996777
737858.72,1.63,4.1352919,4.044136,4.2105943,0.64622791,2020-03-08 17:16:47.999997589
737859.23,1.94,4.1349081,4.0437521,4.2102105,0.64489586,2020-03-09 05:31:11.999998392
737859.78,2.0,4.134477,4.0433211,4.2097794,0.65081103,2020-03-09 18:43:12.000002410
737860.24,1.94,4.1339249,4.042769,4.2092273,0.65097905,2020-03-10 05:45:35.999999196
737860.89,1.84,4.1315301,4.0403742,4.2068325,0.65115454,2020-03-10 21:21:36.000001209
737861.26,1.6,4.1290516,4.0378956,4.204354,0.64791772,2020-03-11 06:14:24.000000803
737861.93,1.94,4.1263961,4.0352402,4.2016985,0.64725802,2020-03-11 22:19:12.000004423
737861.96,1.94,4.1304136,4.0392577,4.205716,0.64808177,2020-03-11 23:02:23.999996777
737862.26,1.6,4.1262945,4.0351386,4.2015969,0.64549119,2020-03-12 06:14:24.000000803
737862.53,2.0,4.1264804,4.0353244,4.2017828,0.64705726,2020-03-12 12:43:12.000002410
737862.87,1.53,4.1242338,4.0330779,4.1995362,0.64867944,2020-03-12 20:52:47.999999593
737863.06,1.63,4.1233605,4.0322045,4.1986628,0.64601279,2020-03-13 01:26:24.000004829
737863.12,2.69,4.1324274,4.0412715,4.2077298,0.64511997,2020-03-13 02:52:47.999999593
737863.26,1.94,4.1342404,4.0430845,4.2095428,0.6421463,2020-03-13 06:14:24.000000803
737863.9,1.94,4.1333885,4.0422326,4.2086909,0.64113099,2020-03-13 21:36:00.000002013
737863.91,2.0,4.1363311,4.0451752,4.2116335,0.6386158,2020-03-13 21:50:24.000002816
737866.79,1.94,4.1164648,4.0253089,4.1917672,0.63844874,2020-03-16 18:57:36.000003222
737866.95,1.53,4.1149593,4.0238034,4.1902617,0.63899788,2020-03-16 22:47:59.999995973
737867.33,1.94,4.1147328,4.0235768,4.1900352,0.63912125,2020-03-17 07:55:11.999996379
737867.76,1.94,4.1143035,4.0231476,4.1896059,0.63159019,2020-03-17 18:14:24.000000803
737867.9,1.6,4.1155826,4.0244266,4.1908849,0.63650892,2020-03-17 21:36:00.000002013
737867.91,1.57,4.1156712,4.0245152,4.1909736,0.63943373,2020-03-17 21:50:24.000002816
737868.09,1.53,4.1165645,4.0254086,4.1918669,0.63775525,2020-03-18 02:09:35.999997183
737868.68,1.63,4.1129043,4.0217483,4.1882067,0.63385413,2020-03-18 16:19:12.000004423
737869.16,1.6,4.1214403,4.0302844,4.1967427,0.63044157,2020-03-19 03:50:24.000002816
737869.56,1.94,4.1213395,4.0301836,4.1966419,0.62935217,2020-03-19 13:26:24.000004829
737869.72,1.94,4.1259841,4.0348281,4.2012865,0.62508155,2020-03-19 17:16:47.999997589
737870.69,1.63,4.1238177,4.0326618,4.1991201,0.62460675,2020-03-20 16:33:35.999995170
737870.69,1.63,4.1238177,4.0326618,4.1991201,0.62676608,2020-03-20 16:33:35.999995170
737870.69,1.94,4.125128,4.0339721,4.2004304,0.62460675,2020-03-20 16:33:35.999995170
737870.69,1.94,4.125128,4.0339721,4.2004304,0.62676608,2020-03-20 16:33:35.999995170
737871.27,1.57,4.1253689,4.034213,4.2006713,0.62432873,2020-03-21 06:28:48.000001607
737873.68,1.53,4.1093139,4.018158,4.1846163,0.62779013,2020-03-23 16:19:12.000004423
737874.09,2.0,4.109699,4.0185431,4.1850014,0.62518205,2020-03-24 02:09:35.999997183
737874.21,1.94,4.113367,4.0222111,4.1886694,0.62363859,2020-03-24 05:02:23.999996777
737874.97,1.94,4.1102743,4.0191184,4.1855767,0.62330604,2020-03-24 23:16:47.999997589
737875.96,1.57,4.1031629,4.012007,4.1784653,0.62684802,2020-03-25 23:02:23.999996777
737876.63,1.53,4.1108033,4.0196474,4.1861057,0.62538311,2020-03-26 15:07:12.000000406
737877.66,1.84,4.1192328,4.0280769,4.1945352,0.62042099,2020-03-27 15:50:24.000002816
737877.66,1.84,4.1192328,4.0280769,4.1945352,0.62231785,2020-03-27 15:50:24.000002816
737877.66,2.0,4.1257075,4.0345516,4.2010099,0.62042099,2020-03-27 15:50:24.000002816
737877.66,2.0,4.1257075,4.0345516,4.2010099,0.62231785,2020-03-27 15:50:24.000002816
737881.05,1.94,4.1061726,4.0150166,4.181475,0.62420942,2020-03-31 01:12:00.000004026
737881.36,1.84,4.1081109,4.016955,4.1834133,0.61745991,2020-03-31 08:38:23.999998790
737882.56,1.94,4.1009683,4.0098124,4.1762707,0.61526295,2020-04-01 13:26:24.000004829
737882.59,1.63,4.1076364,4.0164804,4.1829388,0.61458869,2020-04-01 14:09:35.999997183
737882.59,1.63,4.1076364,4.0164804,4.1829388,0.61725901,2020-04-01 14:09:35.999997183
737882.59,2.46,4.1082438,4.0170879,4.1835462,0.61458869,2020-04-01 14:09:35.999997183
737882.59,2.46,4.1082438,4.0170879,4.1835462,0.61725901,2020-04-01 14:09:35.999997183
737882.7,1.63,4.1165503,4.0253943,4.1918527,0.61509481,2020-04-01 16:47:59.999995973
737882.87,1.6,4.1332329,4.042077,4.2085353,0.61037443,2020-04-01 20:52:47.999999593
737883.56,2.0,4.1374012,4.0462452,4.2127036,0.60834806,2020-04-02 13:26:24.000004829
737884.27,1.53,4.1330726,4.0419167,4.208375,0.60596104,2020-04-03 06:28:48.000001607
737884.42,1.57,4.1383586,4.0472026,4.213661,0.60627468,2020-04-03 10:04:48.000003620
737884.68,1.57,4.1421988,4.0510428,4.2175012,0.60409393,2020-04-03 16:19:12.000004423
737884.77,1.53,4.1452675,4.0541115,4.2205699,0.60685006,2020-04-03 18:28:48.000001607
737884.85,1.57,4.1489943,4.0578384,4.2242967,0.60815685,2020-04-03 20:23:59.999997986
737885.07,1.57,4.1437423,4.0525864,4.2190447,0.60762059,2020-04-04 01:40:47.999995576
737885.3,1.6,4.139978,4.0488221,4.2152804,0.60630757,2020-04-04 07:12:00.000004026
737885.57,1.6,4.1380177,4.0468618,4.2133201,0.60905407,2020-04-04 13:40:47.999995576
737887.42,1.63,4.1266938,4.0355378,4.2019962,0.6095475,2020-04-06 10:04:48.000003620
737887.64,1.94,4.1555821,4.0644262,4.2308845,0.6041996,2020-04-06 15:21:36.000001209
737888.12,1.84,4.1568702,4.0657143,4.2321726,0.60378854,2020-04-07 02:52:47.999999593
737888.29,2.0,4.1584235,4.0672676,4.2337259,0.60220672,2020-04-07 06:57:36.000003222
737888.47,1.84,4.1838237,4.0926678,4.2591261,0.59549162,2020-04-07 11:16:47.999997589
737888.61,1.94,4.1908257,4.0996698,4.2661281,0.59607316,2020-04-07 14:38:23.999998790
737888.83,1.63,4.1894666,4.0983106,4.264769,0.59053825,2020-04-07 19:55:11.999996379
737889.13,2.0,4.189954,4.0987981,4.2652564,0.58720886,2020-04-08 03:07:12.000000406
737889.27,1.63,4.1880489,4.0968929,4.2633513,0.58509094,2020-04-08 06:28:48.000001607
737889.63,1.57,4.1936648,4.1025089,4.2689672,0.58389377,2020-04-08 15:07:12.000000406
737889.83,1.57,4.1924346,4.1012787,4.267737,0.58088433,2020-04-08 19:55:11.999996379
737889.91,2.0,4.1966267,4.1054708,4.2719291,0.58284654,2020-04-08 21:50:24.000002816
737890.11,1.6,4.2220501,4.1308942,4.2973525,0.57746816,2020-04-09 02:38:23.999998790
737890.23,1.94,4.2416063,4.1504504,4.3169087,0.5720497,2020-04-09 05:31:11.999998392
737890.6,1.63,4.2382382,4.1470822,4.3135406,0.56852653,2020-04-09 14:23:59.999997986
737890.64,1.84,4.2414247,4.1502687,4.3167271,0.56741734,2020-04-09 15:21:36.000001209
737891.27,1.63,4.2372776,4.1461217,4.31258,0.56665688,2020-04-10 06:28:48.000001607
737891.63,1.57,4.2393855,4.1482295,4.3146879,0.56405307,2020-04-10 15:07:12.000000406
737891.65,2.09,4.2430658,4.1519099,4.3183682,0.56392982,2020-04-10 15:36:00.000002013
737891.85,1.57,4.2429291,4.1517732,4.3182315,0.56729268,2020-04-10 20:23:59.999997986
737892.06,1.53,4.2422824,4.1511264,4.3175848,0.56905083,2020-04-11 01:26:24.000004829
737892.19,1.63,4.2416549,4.150499,4.3169573,0.56745254,2020-04-11 04:33:35.999995170
737895.55,1.63,4.2253773,4.1342213,4.3006797,0.56757659,2020-04-14 13:12:00.000004026
737895.64,2.09,4.2294735,4.1383176,4.3047759,0.57056261,2020-04-14 15:21:36.000001209
737895.66,1.57,4.2312431,4.1400872,4.3065455,0.57517516,2020-04-14 15:50:24.000002816
737895.94,1.57,4.2291634,4.1380075,4.3044658,0.57622455,2020-04-14 22:33:35.999995170
737896.06,1.6,4.232613,4.141457,4.3079153,0.58052917,2020-04-15 01:26:24.000004829
737896.56,2.0,4.230251,4.1390951,4.3055534,0.58099306,2020-04-15 13:26:24.000004829
737896.64,1.63,4.2383569,4.147201,4.3136593,0.5798909,2020-04-15 15:21:36.000001209
737896.8,1.84,4.2440412,4.1528853,4.3193436,0.57682903,2020-04-15 19:12:00.000004026
737896.82,1.94,4.2434238,4.1522679,4.3187262,0.57658958,2020-04-15 19:40:47.999995576
737896.86,1.53,4.243703,4.1525471,4.3190054,0.58270978,2020-04-15 20:38:23.999998790
737896.97,1.63,4.2463633,4.1552073,4.3216657,0.58049196,2020-04-15 23:16:47.999997589
737896.99,1.57,4.2714696,4.1803137,4.346772,0.57769888,2020-04-15 23:45:35.999999196
737897.06,1.53,4.2707999,4.179644,4.3461023,0.58213374,2020-04-16 01:26:24.000004829
737897.37,1.53,4.2693312,4.1781753,4.3446336,0.58604403,2020-04-16 08:52:47.999999593
737897.8,1.94,4.2731463,4.1819903,4.3484487,0.58328991,2020-04-16 19:12:00.000004026
737897.85,1.84,4.2749956,4.1838397,4.350298,0.58423243,2020-04-16 20:23:59.999997986
737898.16,1.6,4.2754658,4.1843099,4.3507682,0.58498021,2020-04-17 03:50:24.000002816
737898.16,1.6,4.2754658,4.1843099,4.3507682,0.58622895,2020-04-17 03:50:24.000002816
737898.16,1.57,4.2817643,4.1906084,4.3570667,0.58498021,2020-04-17 03:50:24.000002816
737898.16,1.57,4.2817643,4.1906084,4.3570667,0.58622895,2020-04-17 03:50:24.000002816
737898.53,1.53,4.2772162,4.1860602,4.3525186,0.5900362,2020-04-17 12:43:12.000002410
737898.77,1.53,4.2732347,4.1820788,4.3485371,0.59162462,2020-04-17 18:28:48.000001607
737898.83,1.84,4.279836,4.1886801,4.3551384,0.58910079,2020-04-17 19:55:11.999996379
737898.84,1.63,4.285543,4.1943871,4.3608454,0.58926702,2020-04-17 20:09:35.999997183
737899.08,2.13,4.2885344,4.1973784,4.3638368,0.59023184,2020-04-18 01:55:11.999996379
737899.42,1.57,4.2833401,4.1921841,4.3586425,0.58941503,2020-04-18 10:04:48.000003620
737899.6,1.63,4.2997161,4.2085602,4.3750185,0.58760602,2020-04-18 14:23:59.999997986
737901.39,1.63,4.2848883,4.1937324,4.3601907,0.58992677,2020-04-20 09:21:36.000001209
737902.61,1.94,4.2775827,4.1864268,4.3528851,0.59029932,2020-04-21 14:38:23.999998790
737902.65,1.57,4.2800909,4.188935,4.3553933,0.59475262,2020-04-21 15:36:00.000002013
737902.66,2.16,4.2887669,4.1976109,4.3640692,0.59764953,2020-04-21 15:50:24.000002816
737902.66,2.16,4.2887669,4.1976109,4.3640692,0.60008596,2020-04-21 15:50:24.000002816
737902.66,1.63,4.2927945,4.2016386,4.3680969,0.59764953,2020-04-21 15:50:24.000002816
737902.66,1.63,4.2927945,4.2016386,4.3680969,0.60008596,2020-04-21 15:50:24.000002816
737903.4,1.53,4.2901009,4.198945,4.3654033,0.6026214,2020-04-22 09:36:00.000002013
737903.52,1.57,4.2872393,4.1960834,4.3625417,0.60441544,2020-04-22 12:28:48.000001607
737903.53,1.94,4.2920566,4.2009007,4.367359,0.60728412,2020-04-22 12:43:12.000002410
737903.59,1.63,4.2923151,4.2011592,4.3676175,0.60262745,2020-04-22 14:09:35.999997183
737903.85,1.57,4.2932963,4.2021404,4.3685987,0.59977573,2020-04-22 20:23:59.999997986
737903.91,1.63,4.2946203,4.2034644,4.3699227,0.60148643,2020-04-22 21:50:24.000002816
737904.64,1.6,4.2786824,4.1875264,4.3539848,0.60020616,2020-04-23 15:21:36.000001209
737904.65,2.16,4.2815679,4.1904119,4.3568703,0.60413481,2020-04-23 15:36:00.000002013
737905.05,1.53,4.2821585,4.1910026,4.3574609,0.60779357,2020-04-24 01:12:00.000004026
737905.09,1.57,4.2795408,4.1883848,4.3548432,0.60730052,2020-04-24 02:09:35.999997183
737905.51,1.53,4.3042241,4.2130682,4.3795265,0.60333169,2020-04-24 12:14:24.000000803
737905.51,1.53,4.3042241,4.2130682,4.3795265,0.60237443,2020-04-24 12:14:24.000000803
737905.51,1.63,4.3064139,4.2152579,4.3817163,0.60333169,2020-04-24 12:14:24.000000803
737905.51,1.63,4.3064139,4.2152579,4.3817163,0.60237443,2020-04-24 12:14:24.000000803
737905.61,1.63,4.3079531,4.2167972,4.3832555,0.59858146,2020-04-24 14:38:23.999998790
737906.01,1.53,4.3062309,4.215075,4.3815333,0.59943786,2020-04-25 00:14:24.000000803
737906.71,2.58,4.3075602,4.2164043,4.3828626,0.60056657,2020-04-25 17:02:23.999996777
737908.35,2.13,4.2929152,4.2017592,4.3682176,0.60463803,2020-04-27 08:23:59.999997986
737908.55,1.84,4.2940147,4.2028588,4.3693171,0.60220762,2020-04-27 13:12:00.000004026
737908.64,1.63,4.299447,4.2082911,4.3747494,0.60186466,2020-04-27 15:21:36.000001209
737909.09,1.63,4.2999365,4.2087806,4.3752389,0.6026704,2020-04-28 02:09:35.999997183
737909.3,2.09,4.3030091,4.2118532,4.3783115,0.60378398,2020-04-28 07:12:00.000004026
737909.35,1.84,4.303704,4.212548,4.3790064,0.60152257,2020-04-28 08:23:59.999997986
737909.36,1.6,4.3141385,4.2229825,4.3894409,0.59793371,2020-04-28 08:38:23.999998790
737909.97,1.63,4.3057532,4.2145972,4.3810556,0.59608503,2020-04-28 23:16:47.999997589
737910.02,1.94,4.3135661,4.2224101,4.3888685,0.59313402,2020-04-29 00:28:48.000001607
737910.4,1.63,4.3373344,4.2461785,4.4126368,0.58648249,2020-04-29 09:36:00.000002013
737910.67,2.0,4.3389671,4.2478112,4.4142695,0.58618387,2020-04-29 16:04:48.000003620
737910.87,1.53,4.3359009,4.244745,4.4112033,0.58443445,2020-04-29 20:52:47.999999593
737911.37,2.0,4.3394916,4.2483357,4.414794,0.58195444,2020-04-30 08:52:47.999999593
737911.88,2.05,4.3477415,4.2565856,4.4230439,0.57643283,2020-04-30 21:07:12.000000406
737912.07,1.63,4.3540603,4.2629044,4.4293627,0.57183161,2020-05-01 01:40:47.999995576
737912.09,1.6,4.3653874,4.2742315,4.4406898,0.56951392,2020-05-01 02:09:35.999997183
737915.58,1.63,4.3215147,4.2303588,4.3968171,0.5697227,2020-05-04 13:55:11.999996379
737915.88,1.94,4.3584294,4.2672735,4.4337318,0.56309863,2020-05-04 21:07:12.000000406
737916.27,1.6,4.3563293,4.2651733,4.4316317,0.56384022,2020-05-05 06:28:48.000001607
737916.58,2.05,4.368248,4.277092,4.4435504,0.56174955,2020-05-05 13:55:11.999996379
737916.66,1.63,4.3677295,4.2765736,4.4430319,0.56153899,2020-05-05 15:50:24.000002816
737916.85,1.63,4.3592588,4.2681029,4.4345612,0.55352396,2020-05-05 20:23:59.999997986
737917.64,2.46,4.3566353,4.2654794,4.4319377,0.55879896,2020-05-06 15:21:36.000001209
737917.73,1.94,4.3594615,4.2683056,4.4347639,0.5603208,2020-05-06 17:31:11.999998392
737917.85,2.0,4.3665184,4.2753625,4.4418208,0.55544826,2020-05-06 20:23:59.999997986
737918.02,1.63,4.3738249,4.2826689,4.4491272,0.55179505,2020-05-07 00:28:48.000001607
737918.07,1.84,4.3763185,4.2851625,4.4516209,0.55176421,2020-05-07 01:40:47.999995576
737918.07,1.84,4.3763185,4.2851625,4.4516209,0.55541783,2020-05-07 01:40:47.999995576
737918.07,1.53,4.3795526,4.2883967,4.454855,0.55176421,2020-05-07 01:40:47.999995576
737918.07,1.53,4.3795526,4.2883967,4.454855,0.55541783,2020-05-07 01:40:47.999995576
737918.68,1.53,4.3729738,4.2818179,4.4482762,0.56022148,2020-05-07 16:19:12.000004423
737919.43,1.63,4.364659,4.2735031,4.4399614,0.56166746,2020-05-08 10:19:12.000004423
737919.48,1.53,4.3666466,4.2754906,4.441949,0.56416389,2020-05-08 11:31:11.999998392
737919.86,2.58,4.3721806,4.2810247,4.447483,0.56749307,2020-05-08 20:38:23.999998790
737919.9,1.6,4.3749803,4.2838244,4.4502827,0.56546682,2020-05-08 21:36:00.000002013
737920.16,1.6,4.395467,4.304311,4.4707694,0.55995068,2020-05-09 03:50:24.000002816
737921.69,1.53,4.3765066,4.2853507,4.451809,0.568261,2020-05-10 16:33:35.999995170
737922.67,1.63,4.3691534,4.2779975,4.4444558,0.57329474,2020-05-11 16:04:48.000003620
737922.83,1.6,4.3671734,4.2760175,4.4424758,0.57185659,2020-05-11 19:55:11.999996379
737922.84,1.84,4.3694133,4.2782573,4.4447157,0.57184507,2020-05-11 20:09:35.999997183
737922.93,1.53,4.3680244,4.2768684,4.4433268,0.5740649,2020-05-11 22:19:12.000004423
737923.09,1.53,4.3683383,4.2771824,4.4436407,0.57713165,2020-05-12 02:09:35.999997183
737923.77,1.84,4.3626434,4.2714875,4.4379458,0.57709278,2020-05-12 18:28:48.000001607
737923.91,1.63,4.3626098,4.2714539,4.4379122,0.57794067,2020-05-12 21:50:24.000002816
737924.12,1.84,4.3657472,4.2745912,4.4410496,0.57589399,2020-05-13 02:52:47.999999593
737924.14,1.53,4.3678715,4.2767155,4.4431739,0.57855028,2020-05-13 03:21:36.000001209
737924.79,2.05,4.3610621,4.2699062,4.4363645,0.57783721,2020-05-13 18:57:36.000003222
737925.5,1.84,4.3559081,4.2647522,4.4312105,0.58009627,2020-05-14 12:00:00.000000000
737925.5,1.84,4.3559081,4.2647522,4.4312105,0.5809674,2020-05-14 12:00:00.000000000
737925.5,1.84,4.3567738,4.2656179,4.4320762,0.58009627,2020-05-14 12:00:00.000000000
737925.5,1.84,4.3567738,4.2656179,4.4320762,0.5809674,2020-05-14 12:00:00.000000000
737929.55,2.46,4.31952,4.228364,4.3948224,0.59011393,2020-05-18 13:12:00.000004026
737929.58,1.6,4.3184446,4.2272886,4.393747,0.59048246,2020-05-18 13:55:11.999996379
737929.62,1.84,4.3260814,4.2349254,4.4013837,0.58824964,2020-05-18 14:52:47.999999593
737930.14,1.84,4.3256233,4.2344674,4.4009257,0.58857804,2020-05-19 03:21:36.000001209
737930.62,2.37,4.3228409,4.231685,4.3981433,0.59051856,2020-05-19 14:52:47.999999593
737930.62,2.37,4.3228409,4.231685,4.3981433,0.59031065,2020-05-19 14:52:47.999999593
737930.62,1.63,4.3252701,4.2341142,4.4005725,0.59051856,2020-05-19 14:52:47.999999593
737930.62,1.63,4.3252701,4.2341142,4.4005725,0.59031065,2020-05-19 14:52:47.999999593
737930.74,1.84,4.3275965,4.2364406,4.4028989,0.58866896,2020-05-19 17:45:35.999999196
737931.21,1.57,4.323631,4.2324751,4.3989334,0.58981668,2020-05-20 05:02:23.999996777
737931.58,1.84,4.3592334,4.2680775,4.4345358,0.5860289,2020-05-20 13:55:11.999996379
737931.66,1.63,4.3567516,4.2655957,4.432054,0.58481369,2020-05-20 15:50:24.000002816
737931.88,1.6,4.3544721,4.2633162,4.4297745,0.58251273,2020-05-20 21:07:12.000000406
737932.02,2.0,4.3583882,4.2672322,4.4336906,0.58304602,2020-05-21 00:28:48.000001607
737932.03,2.05,4.3619857,4.2708298,4.4372881,0.58575306,2020-05-21 00:43:12.000002410
737932.12,1.63,4.3650698,4.2739139,4.4403722,0.58314345,2020-05-21 02:52:47.999999593
737932.58,2.09,4.3628769,4.271721,4.4381793,0.58636503,2020-05-21 13:55:11.999996379
737932.94,1.53,4.3592022,4.2680462,4.4345046,0.59158652,2020-05-21 22:33:35.999995170
737933.03,2.05,4.3591174,4.2679614,4.4344197,0.59245327,2020-05-22 00:43:12.000002410
737933.14,1.94,4.3600538,4.2688979,4.4353562,0.58898138,2020-05-22 03:21:36.000001209
737936.41,1.63,4.3238573,4.2327013,4.3991597,0.59559586,2020-05-25 09:50:24.000002816
737936.5,1.53,4.3228661,4.2317102,4.3981685,0.59863254,2020-05-25 12:00:00.000000000
737936.6,1.63,4.3229932,4.2318373,4.3982956,0.59585826,2020-05-25 14:23:59.999997986
737936.84,1.57,4.323971,4.232815,4.3992734,0.59461603,2020-05-25 20:09:35.999997183
737937.0,2.09,4.3278517,4.2366957,4.4031541,0.5952013,2020-05-26 00:00:00.000000000
737937.09,1.63,4.32642,4.235264,4.4017224,0.59393681,2020-05-26 02:09:35.999997183
737937.27,2.05,4.3300923,4.2389364,4.4053947,0.59487957,2020-05-26 06:28:48.000001607
737937.38,1.84,4.3300872,4.2389312,4.4053896,0.59214157,2020-05-26 09:07:12.000000406
737937.43,2.05,4.336295,4.2451391,4.4115974,0.58883806,2020-05-26 10:19:12.000004423
737937.84,1.57,4.334459,4.243303,4.4097614,0.59106433,2020-05-26 20:09:35.999997183
737938.0,1.84,4.3333301,4.2421742,4.4086325,0.59081151,2020-05-27 00:00:00.000000000
737938.17,1.84,4.3326149,4.2414589,4.4079173,0.58967221,2020-05-27 04:04:48.000003620
737938.3,1.63,4.331073,4.239917,4.4063754,0.59304681,2020-05-27 07:12:00.000004026
737938.66,1.63,4.3311439,4.239988,4.4064463,0.5914952,2020-05-27 15:50:24.000002816
737938.67,2.37,4.3376811,4.2465251,4.4129834,0.59373116,2020-05-27 16:04:48.000003620
737938.74,1.57,4.3569741,4.2658181,4.4322765,0.59118582,2020-05-27 17:45:35.999999196
737939.29,1.63,4.3634376,4.2722816,4.4387399,0.58598738,2020-05-28 06:57:36.000003222
737939.89,2.0,4.3589148,4.2677589,4.4342172,0.58247544,2020-05-28 21:21:36.000001209
737939.92,2.09,4.3581369,4.266981,4.4334393,0.5819796,2020-05-28 22:04:48.000003620
737943.32,1.94,4.3217459,4.23059,4.3970483,0.58790437,2020-06-01 07:40:47.999995576
737943.69,1.84,4.3269401,4.2357842,4.4022425,0.58546479,2020-06-01 16:33:35.999995170
737944.17,2.37,4.3280288,4.2368728,4.4033312,0.58364718,2020-06-02 04:04:48.000003620
737944.33,1.57,4.3246348,4.2334789,4.3999372,0.58292183,2020-06-02 07:55:11.999996379
737944.58,1.84,4.3235424,4.2323865,4.3988448,0.5868896,2020-06-02 13:55:11.999996379
737944.67,1.63,4.3256259,4.23447,4.4009283,0.5856158,2020-06-02 16:04:48.000003620
737944.87,2.16,4.3269937,4.2358378,4.4022961,0.58887306,2020-06-02 20:52:47.999999593
737945.05,1.6,4.3329146,4.2417586,4.408217,0.58629585,2020-06-03 01:12:00.000004026
737945.21,1.84,4.3293279,4.238172,4.4046303,0.58325269,2020-06-03 05:02:23.999996777
737945.66,1.63,4.3291566,4.2380007,4.404459,0.57698562,2020-06-03 15:50:24.000002816
737945.9,1.63,4.3272422,4.2360863,4.4025446,0.57454465,2020-06-03 21:36:00.000002013
737946.41,1.63,4.326635,4.2354791,4.4019374,0.57163167,2020-06-04 09:50:24.000002816
737946.47,1.6,4.3259573,4.2348014,4.4012597,0.57497186,2020-06-04 11:16:47.999997589
737946.73,1.63,4.3242454,4.2330895,4.3995478,0.57549869,2020-06-04 17:31:11.999998392
737946.74,2.37,4.3332821,4.2421262,4.4085845,0.57794057,2020-06-04 17:45:35.999999196
737946.91,1.6,4.3321145,4.2409586,4.4074169,0.57598716,2020-06-04 21:50:24.000002816
737947.55,1.84,4.3412513,4.2500954,4.4165537,0.57093808,2020-06-05 13:12:00.000004026
737957.81,1.57,4.2409671,4.1498111,4.3162695,0.57904293,2020-06-15 19:26:24.000004829
737958.74,2.16,4.2365346,4.1453787,4.311837,0.58269936,2020-06-16 17:45:35.999999196
737958.76,2.37,4.2447584,4.1536024,4.3200608,0.58581072,2020-06-16 18:14:24.000000803
737959.25,1.63,4.240023,4.1488671,4.3153254,0.58480327,2020-06-17 06:00:00.000000000
737959.87,2.69,4.2421688,4.1510129,4.3174712,0.58717185,2020-06-17 20:52:47.999999593
737960.36,1.57,4.2379943,4.1468384,4.3132967,0.58851157,2020-06-18 08:38:23.999998790
737960.94,1.94,4.2396723,4.1485164,4.3149747,0.59399134,2020-06-18 22:33:35.999995170
737960.97,1.53,4.238019,4.146863,4.3133214,0.60153482,2020-06-18 23:16:47.999997589
737961.44,1.94,4.2386244,4.1474685,4.3139268,0.60268898,2020-06-19 10:33:35.999995170
737961.64,1.57,4.2372918,4.1461359,4.3125942,0.6045054,2020-06-19 15:21:36.000001209
737961.66,1.94,4.2406744,4.1495185,4.3159768,0.60346106,2020-06-19 15:50:24.000002816
737961.75,1.53,4.242021,4.1508651,4.3173234,0.60648073,2020-06-19 18:00:00.000000000
737962.04,1.53,4.2414792,4.1503233,4.3167816,0.60753359,2020-06-20 00:57:36.000003222
737962.78,1.63,4.2367019,4.145546,4.3120043,0.60818285,2020-06-20 18:43:12.000002410
737963.04,1.6,4.2346908,4.1435349,4.3099932,0.60682129,2020-06-21 00:57:36.000003222
737963.19,1.94,4.2656093,4.1744533,4.3409117,0.60469517,2020-06-21 04:33:35.999995170
737964.39,1.63,4.2560343,4.1648784,4.3313367,0.6079934,2020-06-22 09:21:36.000001209
737964.6,1.53,4.2573771,4.1662212,4.3326795,0.61124797,2020-06-22 14:23:59.999997986
737964.89,2.09,4.2578217,4.1666658,4.3331241,0.61205399,2020-06-22 21:21:36.000001209
737964.92,1.63,4.2582445,4.1670886,4.3335469,0.61383193,2020-06-22 22:04:48.000003620
737965.47,1.57,4.2547637,4.1636078,4.3300661,0.61694834,2020-06-23 11:16:47.999997589
737965.86,1.84,4.2538539,4.162698,4.3291563,0.61380008,2020-06-23 20:38:23.999998790
737966.62,2.16,4.2492406,4.1580846,4.324543,0.61627472,2020-06-24 14:52:47.999999593
737968.4,2.37,4.2375569,4.1464009,4.3128593,0.62262202,2020-06-26 09:36:00.000002013
737971.55,2.37,4.217127,4.125971,4.2924293,0.63239714,2020-06-29 13:12:00.000004026
737973.79,2.0,4.2005954,4.1094395,4.2758978,0.63868796,2020-07-01 18:57:36.000003222
737974.9,1.63,4.1924588,4.1013029,4.2677612,0.63675522,2020-07-02 21:36:00.000002013
737975.65,1.94,4.1931221,4.1019662,4.2684245,0.63122202,2020-07-03 15:36:00.000002013
737978.33,1.57,4.1784652,4.0873093,4.2537676,0.63634658,2020-07-06 07:55:11.999996379
737982.1,1.6,4.1520739,4.060918,4.2273763,0.63642806,2020-07-10 02:23:59.999997986
737982.8,2.0,4.1449599,4.053804,4.2202623,0.63599298,2020-07-10 19:12:00.000004026
737986.09,1.53,4.1229067,4.0317508,4.1982091,0.64430889,2020-07-14 02:09:35.999997183
737986.57,2.37,4.1260599,4.0349039,4.2013623,0.64561034,2020-07-14 13:40:47.999995576
737988.15,2.05,4.128147,4.0369911,4.2034494,0.64230196,2020-07-16 03:36:00.000002013
737989.62,1.6,4.1248883,4.0337323,4.2001907,0.64240301,2020-07-17 14:52:47.999999593
737992.33,1.6,4.1086166,4.0174606,4.183919,0.64833943,2020-07-20 07:55:11.999996379
737992.34,1.63,4.1076896,4.0165336,4.182992,0.64943174,2020-07-20 08:09:35.999997183
737992.66,1.84,4.1075396,4.0163837,4.182842,0.64173817,2020-07-20 15:50:24.000002816
737994.04,1.84,4.1012909,4.010135,4.1765933,0.64012303,2020-07-22 00:57:36.000003222
737994.27,1.94,4.1045795,4.0134235,4.1798819,0.64123635,2020-07-22 06:28:48.000001607
737995.66,1.84,4.0978456,4.0066897,4.173148,0.64253812,2020-07-23 15:50:24.000002816
737995.87,1.94,4.0983502,4.0071943,4.1736526,0.64379761,2020-07-23 20:52:47.999999593
738021.53,1.84,3.9668778,3.8757219,4.0421802,0.64422725,2020-08-18 12:43:12.000002410
738022.31,1.63,3.9642876,3.8731316,4.03959,0.64500492,2020-08-19 07:26:24.000004829
738023.06,1.84,3.9640994,3.8729435,4.0394018,0.64517752,2020-08-20 01:26:24.000004829
738023.06,1.84,3.9640994,3.8729435,4.0394018,0.64677333,2020-08-20 01:26:24.000004829
738023.06,2.05,3.9652082,3.8740523,4.0405106,0.64517752,2020-08-20 01:26:24.000004829
738023.06,2.05,3.9652082,3.8740523,4.0405106,0.64677333,2020-08-20 01:26:24.000004829
738023.53,1.63,3.9762209,3.8850649,4.0515233,0.64150085,2020-08-20 12:43:12.000002410
738023.64,1.6,3.9758228,3.8846669,4.0511252,0.64134554,2020-08-20 15:21:36.000001209
738023.8,1.63,3.9743919,3.8832359,4.0496943,0.64235624,2020-08-20 19:12:00.000004026
738023.87,1.53,3.9751786,3.8840226,4.0504809,0.64768753,2020-08-20 20:52:47.999999593
738025.14,1.53,3.9666541,3.8754982,4.0419565,0.65195518,2020-08-22 03:21:36.000001209
738026.18,1.63,3.9618958,3.8707399,4.0371982,0.65289558,2020-08-23 04:19:12.000004423
738028.76,1.53,3.9496008,3.8584448,4.0249032,0.66036347,2020-08-25 18:14:24.000000803
738029.13,1.53,3.9498657,3.8587097,4.025168,0.66273937,2020-08-26 03:07:12.000000406
738030.55,1.63,3.9443431,3.8531872,4.0196455,0.66383873,2020-08-27 13:12:00.000004026
738031.11,1.53,3.9418746,3.8507186,4.017177,0.66669277,2020-08-28 02:38:23.999998790
738032.12,1.63,3.9385391,3.8473831,4.0138414,0.6677517,2020-08-29 02:52:47.999999593
738035.1,1.63,3.9245939,3.833438,3.9998963,0.67176407,2020-09-01 02:23:59.999997986
738035.74,2.0,3.9216348,3.8304788,3.9969371,0.66771314,2020-09-01 17:45:35.999999196
738036.05,1.53,3.9203782,3.8292223,3.9956806,0.670425,2020-09-02 01:12:00.000004026
738036.55,1.84,3.9187701,3.8276142,3.9940725,0.66691239,2020-09-02 13:12:00.000004026
738038.56,1.84,3.9132016,3.8220457,3.988504,0.66382144,2020-09-04 13:26:24.000004829
738038.62,1.53,3.9108055,3.8196495,3.9861079,0.6658291,2020-09-04 14:52:47.999999593
738038.77,1.63,3.9091802,3.8180243,3.9844826,0.66431157,2020-09-04 18:28:48.000001607
738038.99,1.94,3.9234086,3.8322527,3.998711,0.66198132,2020-09-04 23:45:35.999999196
738039.06,1.6,3.9237311,3.8325751,3.9990335,0.65794065,2020-09-05 01:26:24.000004829
738042.57,1.63,3.9095437,3.8183877,3.9848461,0.66077323,2020-09-08 13:40:47.999995576
738043.46,1.94,3.908534,3.8173781,3.9838364,0.65873836,2020-09-09 11:02:23.999996777
738043.57,1.6,3.906279,3.815123,3.9815814,0.65836105,2020-09-09 13:40:47.999995576
738044.65,1.63,3.9022227,3.8110668,3.9775251,0.66103527,2020-09-10 15:36:00.000002013
738044.67,2.0,3.9026076,3.8114517,3.97791,0.66479611,2020-09-10 16:04:48.000003620
738045.58,1.63,3.8984501,3.8072942,3.9737525,0.66319094,2020-09-11 13:55:11.999996379
738046.07,1.6,3.8943953,3.8032394,3.9696977,0.66325148,2020-09-12 01:40:47.999995576
738049.54,1.94,3.8840631,3.7929072,3.9593655,0.66289904,2020-09-15 12:57:36.000003222
738049.88,2.0,3.8842416,3.7930856,3.959544,0.66139454,2020-09-15 21:07:12.000000406
738050.04,1.63,3.8832983,3.7921424,3.9586007,0.66178554,2020-09-16 00:57:36.000003222
738050.55,1.53,3.881485,3.790329,3.9567874,0.66182,2020-09-16 13:12:00.000004026
738055.82,1.84,3.8638268,3.7726709,3.9391292,0.66666303,2020-09-21 19:40:47.999995576
738056.03,1.63,3.8584367,3.7672808,3.9337391,0.66251292,2020-09-22 00:43:12.000002410
738057.55,1.6,3.8532366,3.7620807,3.928539,0.66139589,2020-09-23 13:12:00.000004026
738058.79,1.63,3.8506907,3.7595348,3.9259931,0.66209222,2020-09-24 18:57:36.000003222
738058.96,2.05,3.8525763,3.7614204,3.9278787,0.6617608,2020-09-24 23:02:23.999996777
738059.14,1.53,3.849207,3.7580511,3.9245094,0.65853661,2020-09-25 03:21:36.000001209
738060.16,1.63,3.8564657,3.7653098,3.9317681,0.65834021,2020-09-26 03:50:24.000002816
738063.0,1.94,3.8479329,3.7567769,3.9232353,0.66033643,2020-09-29 00:00:00.000000000
738063.16,1.63,3.8443622,3.7532062,3.9196646,0.65741404,2020-09-29 03:50:24.000002816
738063.87,1.57,3.8423695,3.7512136,3.9176719,0.65573907,2020-09-29 20:52:47.999999593
738064.84,1.57,3.8385651,3.7474092,3.9138675,0.65580741,2020-09-30 20:09:35.999997183
738069.79,1.57,3.8210801,3.7299242,3.8963825,0.65620253,2020-10-05 18:57:36.000003222
738070.65,2.13,3.8185952,3.7274393,3.8938976,0.65513772,2020-10-06 15:36:00.000002013
738073.52,1.53,3.8091271,3.7179711,3.8844294,0.65741245,2020-10-09 12:28:48.000001607
738078.13,2.0,3.7952715,3.7041155,3.8705739,0.65928331,2020-10-14 03:07:12.000000406
738080.05,1.84,3.791469,3.700313,3.8667714,0.66177431,2020-10-16 01:12:00.000004026
738083.61,1.53,3.7804881,3.6893321,3.8557905,0.66501803,2020-10-19 14:38:23.999998790
738098.98,1.63,3.7359783,3.6448224,3.8112807,0.66619174,2020-11-03 23:31:11.999998392
738102.4,2.13,3.7293906,3.6382346,3.804693,0.66519069,2020-11-07 09:36:00.000002013
738105.22,1.53,3.7219158,3.6307599,3.7972182,0.6674518,2020-11-10 05:16:47.999997589
738123.16,1.63,3.6706231,3.5794672,3.7459255,0.66601038,2020-11-28 03:50:24.000002816
738127.16,2.05,3.6636395,3.5724836,3.7389419,0.66471023,2020-12-02 03:50:24.000002816
738136.53,1.6,3.641993,3.5508371,3.7172954,0.66681061,2020-12-11 12:43:12.000002410
738141.02,1.57,3.6554612,3.5643052,3.7307636,0.66925987,2020-12-16 00:28:48.000001607
738143.02,1.63,3.649921,3.5587651,3.7252234,0.67038218,2020-12-18 00:28:48.000001607
738144.63,1.63,3.6413711,3.5502151,3.7166734,0.66383031,2020-12-19 15:07:12.000000406
738146.4,1.6,3.638252,3.5470961,3.7135544,0.66403004,2020-12-21 09:36:00.000002013
738147.6,1.63,3.6281526,3.5369967,3.703455,0.66399372,2020-12-22 14:23:59.999997986
738147.67,2.0,3.6313279,3.540172,3.7066303,0.66907208,2020-12-22 16:04:48.000003620
738149.13,2.0,3.6296701,3.5385141,3.7049725,0.66789286,2020-12-24 03:07:12.000000406
738150.18,1.53,3.6273235,3.5361676,3.7026259,0.66506391,2020-12-25 04:19:12.000004423
738154.15,1.63,3.617804,3.526648,3.6931064,0.66311562,2020-12-29 03:36:00.000002013
738154.24,2.0,3.6202391,3.5290831,3.6955415,0.66448353,2020-12-29 05:45:35.999999196
738154.86,1.63,3.6173198,3.5261639,3.6926222,0.66041479,2020-12-29 20:38:23.999998790
738155.29,1.57,3.6167092,3.5255533,3.6920116,0.65725819,2020-12-30 06:57:36.000003222
738155.76,1.63,3.6167095,3.5255536,3.6920119,0.65693536,2020-12-30 18:14:24.000000803
738156.07,1.53,3.6172743,3.5261184,3.6925767,0.65961272,2020-12-31 01:40:47.999995576
